PartID,FormFactor,StorageBays,Color,SidePanel,Size,PSU
de5d5921-8f52-4ffb-a808-a392b34f4c7a,ATX Mid Tower,2,Black,Tinted Tempered Glass,48.6,
834c3f34-645c-4587-a873-5912314bf752,ATX Mid Tower,2,Black,Tempered Glass,41.7,
1f95a174-381a-4912-acd9-9c1e6c9e92ed,ATX Mid Tower,1,Black,Tempered Glass,47.0,
de8c8f84-8714-4c8f-90bf-97b1acdc84ae,ATX Mid Tower,6,White / Gray,Tempered Glass,,
e8b5c447-a6e4-4672-b9a1-f417bcc8a88e,ATX Mid Tower,2,White,Tempered Glass,66.9,
fa8874f5-c066-4d40-80f4-44731b11973e,ATX Mid Tower,6,Black,Tinted Tempered Glass,,
4668a194-e2bb-490f-8b5a-e67f77bbe0c1,ATX Mid Tower,1,White,Tempered Glass,47.0,
92bf2401-8a65-4d77-8217-aa9db74ef3fc,ATX Mid Tower,2,Black,Tempered Glass,45.1,
fbb6082b-1491-4bb8-9e52-30f6f6994c41,ATX Mid Tower,2,Black,Tempered Glass,66.9,
0a80b53e-6eb0-4670-9c39-9d439bfa7a89,MicroATX Mini Tower,1,Black,Acrylic,33.6,
e2c0bc6f-0325-41ad-982e-82b32235466c,ATX Mid Tower,2,Black,Tempered Glass,48.6,
f34988df-1632-47f7-a07c-dec9b8075b79,ATX Mid Tower,2,Black,Tempered Glass,55.6,
c6963cf6-6906-439e-9681-76efe1dbf3be,ATX Mid Tower,2,Black,Tempered Glass,46.2,
017c7c66-1036-44d6-a862-c3287ce03afc,ATX Mid Tower,2,White,Tinted Tempered Glass,48.6,
1a68ab03-d7ad-40c2-9a93-e5e1cfc177d6,ATX Mid Tower,2,Black,Tempered Glass,,
33c231ca-f40a-4e27-8224-5874e7b25a34,ATX Mid Tower,2,White,Tempered Glass,43.0,
16e5e2fd-049f-4cdd-b6a8-47697f83f086,MicroATX Mini Tower,2,Black,Tempered Glass,30.4,
3403f883-a2c0-4cc6-8532-2babb1b808b3,ATX Mid Tower,2,Black,Tempered Glass,55.8,
d36b2bd2-6395-4653-83a8-8b80a16d32e9,ATX Full Tower,3,Black,Tempered Glass,54.0,
001da64f-23a7-40ec-ba35-972e5d0d96cf,ATX Mid Tower,2,Black,Tempered Glass,42.3,
90b9c329-b73d-476b-a5ea-f7b84c15f3f1,MicroATX Mid Tower,2,Black,Tempered Glass,36.5,
c831f62b-f12b-406a-b6ab-9f7c97cfbfc9,ATX Full Tower,6,Black,Tempered Glass,81.8,
bec21cb1-cbb1-4800-8136-c9977f3069c3,ATX Mid Tower,2,White / Black,Tempered Glass,,
3aebc6a0-88da-4278-97cf-6fbf9f2b6c4a,MicroATX Mini Tower,3,Black,Mesh,33.0,
455752c7-b858-4fc0-acf7-1925d2162433,ATX Mid Tower,2,Black,Tempered Glass,46.2,
49f839b3-12e5-43ad-bc34-ddfbbc82788c,ATX Mid Tower,2,Black,Tempered Glass,54.2,
ee2a093d-81d9-4e9e-9e05-2a0822404012,MicroATX Mini Tower,2,Black,Tempered Glass,,
5073f1b4-c396-4f79-b8cc-26bb02975f10,MicroATX Mid Tower,2,Silver / Black,Tempered Glass,,
bc992f39-5e63-405d-8e47-eac22de93f15,MicroATX Mid Tower,2,Black,Tempered Glass,38.3,
ffddf73c-4d4d-4449-8436-cf391fad36b4,ATX Full Tower,3,Black,Tempered Glass,62.4,
a4705c01-92c8-462c-a8c6-a5b7c21e7f14,Mini ITX Desktop,0,Black / Brown,Mesh,11.4,
e90d1a74-4f6a-498a-9880-362a51468c57,ATX Mid Tower,2,White,Tempered Glass,45.1,
3931afc6-e2a6-46c5-b7b2-a5ab123ff96a,ATX Mid Tower,2,Black,Tempered Glass,55.6,
dee790ce-7ead-4e79-8cbb-71c2e5efa8ad,ATX Mid Tower,2,Black,Tempered Glass,43.0,
83d47841-7197-4188-9adc-9628995788f6,ATX Mid Tower,2,White,Tempered Glass,66.9,
613a31c5-515b-49ff-9fbb-222a4060911b,ATX Mid Tower,2,Black,Tempered Glass,,
0e91b29f-414a-47da-8040-802d541246da,Mini ITX Desktop,2,Black,Tempered Glass,20.3,
5b525aab-bef8-4212-a329-7c82d3942dbf,ATX Mid Tower,2,Black,Tinted Tempered Glass,40.6,
baa56e7c-c897-45db-a480-879c7a600ba8,ATX Mid Tower,2,White,Tempered Glass,55.6,
0add8a04-5015-4e23-bd91-8e02af6c59b9,ATX Mid Tower,2,Black,Acrylic,42.2,
53471244-28b8-42a5-8d74-d33b76bde691,ATX Mid Tower,2,White,Tempered Glass,48.6,
9c618f7f-4711-4452-9bd8-acbcd95555e7,ATX Mid Tower,2,Black,Tempered Glass,,
f03241de-2b8f-4be3-a774-7dec2759cebe,Mini ITX Desktop,2,White / Black,,,
aaee5389-4dad-46e5-90f1-bc07c7ca0ca2,ATX Mid Tower,2,Black,Tempered Glass,54.2,
b84e9aa1-abc4-4d65-9c0f-90424a917f14,MicroATX Mini Tower,2,Black,Tempered Glass,38.8,
d44c9e49-c7fb-4950-8ecd-21f1b2bb99f0,ATX Mid Tower,2,Black,Tempered Glass,48.3,
21034374-a9ab-4efb-83d6-643caf0e42e5,ATX Mid Tower,2,Black,Tempered Glass,66.9,
301b3f7b-1dc9-4676-8af1-8bd264f6fe90,ATX Mid Tower,4,Black,Tempered Glass,44.2,
02f832cb-b64b-45b6-aa38-b43b81fcb444,Mini ITX Desktop,0,Green / Brown,Mesh,11.4,
a94becaf-e444-40c2-a144-f2473a4b25d0,Mini ITX Desktop,2,Black,,,
a6934435-3208-4e74-b78b-97b4af3cdd6f,ATX Full Tower,3,White,Tempered Glass,54.0,
ca4b2ec5-2c9d-454b-bf3b-6ea38928f4a2,ATX Mid Tower,2,White,Tempered Glass,41.7,
584aa826-8758-46e8-9855-c7cab012094f,MicroATX Mini Tower,2,Black,,30.4,
7917a3e9-013b-4eda-a638-f4ef9bab32c6,ATX Mid Tower,1,Black,Tempered Glass,47.0,
718b53c3-846f-49ef-848f-e62280c6f309,ATX Mid Tower,2,Black,Tempered Glass,48.6,
8bedffe0-11fa-490b-b62c-7b86b1c4f9e6,ATX Mid Tower,2,White,Tempered Glass,46.2,
901e6192-6f92-40ce-9e67-4aced06ea161,ATX Full Tower,6,Black,Tinted Tempered Glass,124.5,
dbe8ea1f-dbc3-472c-97a0-8aebf4aabf12,MicroATX Mid Tower,2,White,Tempered Glass,38.3,
2f53c9c9-14d9-45a8-a160-92f54156908f,ATX Full Tower,6,Black,Tempered Glass,81.8,
d3f96196-a556-4bc5-a6ad-9fc057eb6318,ATX Mid Tower,1,Black,Tempered Glass,49.7,
bfddcaa7-26fb-4168-a0b2-2f58d3e2dc5d,ATX Mid Tower,2,White,Tempered Glass,,
b843a52e-9af4-42bf-ab69-f4516aa39e7c,MicroATX Mid Tower,2,White,Tempered Glass,36.5,
62316090-ad48-4e7d-901b-7a0126a789e1,ATX Mid Tower,2,Black / Red,Tempered Glass,37.7,
dfb01705-7493-49ab-ac11-936d9fe306de,ATX Full Tower,2,Black / Silver,Tempered Glass,129.5,
981aa9df-8fa4-4d9f-856d-ef3800fc79e1,ATX Mid Tower,2,White,Tempered Glass,,
fc65ce18-88c9-4503-90bd-5920ae11c90f,ATX Mid Tower,2,Black,Tinted Tempered Glass,69.8,
c9769ff7-048e-48c3-890e-8ad0b182590a,ATX Mid Tower,2,Black,Mesh,45.1,
cdb76d02-3a93-4bd9-9c46-ba1cb78fcf65,ATX Mid Tower,2,White,Tempered Glass,55.8,
022a770b-c69a-4416-abee-bc70d01d6058,ATX Mid Tower,2,Black,Tempered Glass,,
0ec5e86d-4bce-41a7-aea7-c504d2dc0038,ATX Mid Tower,2,Black,Tempered Glass,,
f6857035-0cd1-40f2-8b1f-bee32fa5a44c,ATX Mid Tower,1,Black,Tempered Glass,47.0,
c334ac24-2d25-4e9d-b3fd-ef6ff72abad8,MicroATX Mini Tower,2,Black,Tempered Glass,31.6,
756f4581-6a7b-4b96-8e07-d771377201f9,ATX Mid Tower,1,White,Tempered Glass,47.0,
bb9dc710-635a-4689-aa4b-8d0214a3e3d3,MicroATX Mini Tower,2,Black,Tempered Glass,,
e9f0f271-a0bf-48c9-89c0-cdc2d219d6ea,ATX Mid Tower,4,Black,Tempered Glass,65.5,
b8df3fd3-4e71-45ba-b446-f53c9534fb60,ATX Mid Tower,2,Black,Acrylic,38.4,
5fcad271-c517-4fcc-9faa-56c9e391682f,Mini ITX Desktop,0,Black,Mesh,11.1,
a2a481ea-0a77-4ea5-841a-82bb7ab3ec0a,Mini ITX Desktop,2,White / Black,Tempered Glass,20.3,
212cb332-bdd7-4666-9a58-9e3f324b24ce,MicroATX Mini Tower,2,Black,Tempered Glass,40.5,
c8374084-2314-4513-b98f-d52857b7eabd,MicroATX Mini Tower,2,Black / Orange,Acrylic,,
93fd8133-b71c-42d1-8c17-b30b65b9f945,ATX Mid Tower,1,White / Black,Tempered Glass,49.7,
d6280cf9-48ee-4929-acc4-d4c4458538b7,ATX Mid Tower,6,Black,Tinted Tempered Glass,61.7,
9e82026d-036c-4368-bbfe-c612a642bb0e,ATX Mid Tower,2,Black,Acrylic,37.5,
d84b511c-cc63-473e-9152-c15733d0dc63,Mini ITX Tower,0,Black,Mesh,16.3,
d9b9cae1-834d-42e3-94d7-0a6d9508159a,Mini ITX Tower,0,Black,Mesh,24.8,
5dd0b316-338a-49cb-a4ad-46508e11f60b,ATX Full Tower,2,Black,Tempered Glass,83.5,
d86d0c61-b021-4303-b5cb-b46c281f906b,MicroATX Mini Tower,2,Black,Tempered Glass,33.8,
b9f448d3-5971-458c-90f3-14a5895ce665,ATX Mid Tower,2,Black,Tempered Glass,,
212b8b3e-a138-46f5-9cbe-82aef44e0c64,ATX Full Tower,5,Black,Tempered Glass,,
9508b9b0-18d9-48c5-b43a-e1b98e385f5c,ATX Full Tower,2,White,Tempered Glass,78.9,
3a950786-5b67-4642-b350-5f7b4c7671d7,ATX Mid Tower,2,Black,Tempered Glass,,
0dacadd8-32f1-4e4b-b111-c660eeabd6b3,ATX Mid Tower,2,Silver,Tempered Glass,38.3,
ccce69bc-53f4-4c78-8f96-007f79b393df,ATX Mid Tower,8,Black,,54.2,
43b4c756-3c47-47d0-930e-14325285236d,ATX Full Tower,4,Black,Tempered Glass,,
24be2823-5e02-429d-9686-571eaedf3295,ATX Mid Tower,2,White,Mesh,45.1,
f2ffecf7-e36b-406c-995e-2b29670223ee,ATX Mid Tower,1,Black,Tempered Glass,37.2,
bbe4b29b-f3f9-47a7-8766-fe394d279220,ATX Mid Tower,2,White / Black,Tempered Glass,41.3,
f0db73ca-6b84-4928-9d64-ee2c02fc8115,ATX Mid Tower,4,Black,Tempered Glass,65.5,
33902c92-c8b6-4e39-b089-ecc811e459d5,ATX Mid Tower,1,White,Tempered Glass,47.0,
849a77b1-15a4-4293-b437-a88124088053,ATX Mid Tower,2,Black,Tempered Glass,44.5,
73e13c04-4f1d-490b-a39d-595dad1e087f,ATX Mid Tower,2,Black,Tempered Glass,42.5,
0dc0659b-d728-454a-95bb-f12245d1325d,ATX Mid Tower,2,Black,Tempered Glass,45.3,
3a1269aa-3300-436a-871e-bebb8d242e5d,ATX Full Tower,6,Black,Acrylic,68.6,
f0adfd77-7e9e-4976-9bdf-472c2691e0e7,ATX Mid Tower,2,White,Tempered Glass,41.3,
8b4ba357-3f3d-47fa-be62-c165e9475351,ATX Mid Tower,2,Black,Tempered Glass,49.5,
2b853623-66d6-4a92-9b31-f4c95b9de001,ATX Mid Tower,6,Black,Tempered Glass,55.7,
0dcba61d-4889-40b9-9b04-930de3ece736,ATX Mid Tower,2,Black,Tempered Glass,,
139ce2ff-76a1-4fd2-8dbe-27499cfb4c0d,Mini ITX Desktop,0,Silver / Brown,Mesh,11.4,
84c14719-c23a-4547-b1d2-8ab19c428bf4,MicroATX Mini Tower,3,White,Mesh,33.0,
c1981f98-ad76-4535-8fa0-d023f09682cb,MicroATX Mini Tower,2,Black,Tempered Glass,,
5125e83d-2720-4fe2-94c3-3258f13801be,MicroATX Mini Tower,2,White,Tempered Glass,31.6,
8d70ffa2-6726-428b-a139-831473daa942,ATX Mid Tower,2,Black,Tempered Glass,55.8,
852417ba-f32a-4982-95fc-81278a681252,ATX Mid Tower,1,Black,Tempered Glass,37.2,
961badea-0297-421e-84f5-9d48b27d2c74,ATX Mid Tower,2,Black,,32.4,
26db0144-0187-413b-9f39-74eea1e6e8d1,Mini ITX Tower,0,White,Mesh,16.3,
acf7d3d2-4141-4dd8-bf67-d651650ad13e,ATX Mid Tower,2,Black,Tempered Glass,38.2,
8fe2d7c4-ed36-4331-a284-f9290ee17bdb,ATX Mid Tower,2,Black,,39.4,
cea88858-edb3-491e-b301-53df6da99851,MicroATX Mini Tower,2,White,Tempered Glass,38.8,
6f3c18b9-09bc-424a-89f0-86d7e03444c5,ATX Mid Tower,2,Black,Tempered Glass,48.9,
5077cb31-dd06-4b14-9486-28d05054892d,ATX Full Tower,3,White,Tempered Glass,62.4,
20cb81ec-463c-4d3e-bf65-89f59d785c30,ATX Full Tower,2,Black,Tempered Glass,78.9,
79810d49-1ce4-4717-b414-556e800ef597,MicroATX Mid Tower,2,White,Tempered Glass,,
03682674-260c-4870-b4c0-a367a33dda90,Mini ITX Desktop,2,Black,,22.4,
b4b79cf9-3c41-41e9-9388-7ce568463b91,ATX Mid Tower,2,White,Tempered Glass,54.2,
24369b0d-59ca-4f41-9731-1beac71ab0b5,ATX Mid Tower,2,Black,Tempered Glass,48.3,
8d0bb0d0-29e7-469d-a436-3e3d1b3a9614,ATX Mid Tower,2,Black,Tempered Glass,43.5,
4f16acf8-5b54-48d6-95ef-b11396efe3ee,ATX Full Tower,4,White / Black,Tempered Glass,,
0347e623-e08f-4575-8782-2e5b09fbfb09,ATX Mid Tower,2,Black,Tempered Glass,45.9,
77c4ba61-e0af-43e7-bef0-f52685edbad5,ATX Mid Tower,2,Black,Tempered Glass,,
3580c437-94b2-4b1c-bbf7-833d82b1604a,ATX Mid Tower,2,Black,Tempered Glass,40.6,
bd1dac41-78a8-4896-9f78-c1b4300327a9,ATX Mid Tower,2,Black,Tempered Glass,41.7,
51e698a0-d90b-4d33-b3a4-db270c30e5ef,ATX Mid Tower,2,Black,,46.2,
80147382-4f22-46fc-a91b-0e4901831cb1,HTPC,1,Black,,12.8,275.0
7504145b-8f57-4eec-b72a-93df6351bd74,Mini ITX Desktop,0,Silver / Black,Mesh,11.1,
7f4c1d7d-da51-43e3-83f3-a2d825dba5cf,ATX Mid Tower,4,Black,Tempered Glass,57.2,
ad6a8602-302a-4515-847d-706ca79f540e,ATX Mid Tower,4,White,Tempered Glass,44.2,
0f0dae95-44a0-45f0-a0e2-0c2f21643527,ATX Mid Tower,2,Black,Tempered Glass,53.7,
1ece65ef-8ade-4518-b082-a8245c2aae9f,ATX Mid Tower,2,Black,Tempered Glass,39.7,
36129eb3-6e72-462c-97ae-319fc6a7477d,ATX Mid Tower,2,Black,Tempered Glass,45.8,
e7840e4c-2f3c-43e8-ac58-a00f84a3c4fe,ATX Mid Tower,2,White,Tempered Glass,45.3,
d500fa55-533a-4e63-bf5d-f4d7114b7cf6,MicroATX Mini Tower,1,White,Acrylic,33.6,
eed38fc3-d2e1-4615-a726-cbcd2a08bec3,ATX Mid Tower,2,,Tempered Glass,55.8,
3919baea-81dd-4ecc-b043-611c22818dac,ATX Mid Tower,2,Black,Tempered Glass,33.4,
26106a60-fd61-4238-987a-6a4f25d168ad,ATX Full Tower,3,Black,Tempered Glass,54.0,
f8c04ab6-9fc7-46a6-b2e6-577da14ef393,MicroATX Mid Tower,10,Black,Acrylic,41.1,
1c025145-a825-488a-a5e2-dcd0fbc6ebc4,ATX Full Tower,6,Black,Tinted Tempered Glass,81.5,
e7346b5d-ef0b-42f7-8603-4ef2ee5900c9,ATX Mid Tower,2,,Tempered Glass,55.8,
9c56bf93-216a-4e1e-869d-12c47a7c43bd,Mini ITX Tower,6,Black / White,,19.5,
695540fa-dd44-446f-8cc6-03d6fc9343dc,ATX Mid Tower,2,White,Tempered Glass,48.6,
4f568a93-e0a3-4bd6-b11f-b707fbcdbfc8,ATX Mid Tower,2,Black,,46.0,
da361116-6f2d-4b74-8d88-ae6b99dfce8f,MicroATX Mid Tower,2,Black,Tinted Tempered Glass,33.0,
4d5ddfbf-11d1-4aaf-a7a1-a86da06bb66a,ATX Mid Tower,2,White / Black,Tempered Glass,55.8,
659b2f64-8b9b-47b4-8483-3747e1553380,MicroATX Mini Tower,2,Black,Tinted Tempered Glass,38.7,
255e33ee-4cf6-4e9f-bf0c-11cc78af1678,ATX Mid Tower,6,Black,,62.4,
51ed2789-eec2-4ac6-94b2-fc963f033348,ATX Mid Tower,2,White,Tempered Glass,46.2,
ed3df691-4cb1-40bd-ba8c-36c81825fcfd,ATX Mid Tower,2,White,Tempered Glass,42.3,
9e93cf5c-2bd9-4fe8-b854-af327558b9a5,ATX Mid Tower,2,,Tempered Glass,52.4,
3aabda64-3ac1-4142-814c-a2f93944faa1,MicroATX Mini Tower,3,Black,Acrylic,45.6,
f229a212-4de3-48c4-b133-bf0fcb7ab2ab,ATX Mid Tower,2,Black,Tempered Glass,43.4,
4e736cb4-ed17-4631-957c-d3402ee0d22e,MicroATX Mini Tower,3,Black,,33.8,
2e89c3f6-6721-4a2d-81be-fe4225ca92c9,ATX Mid Tower,2,Black,Tinted Tempered Glass,69.8,
202b802c-6058-4320-83a1-fca5a17a3b09,ATX Mid Tower,2,White,Tempered Glass,,
ffe583f0-16b9-40cd-96f6-d5bec8be366c,ATX Full Tower,8,Black / Silver,Tempered Glass,141.0,
1a89b5a1-52b8-4a7e-8cd6-3da275eee6c0,MicroATX Mini Tower,3,Black,Tempered Glass,33.0,
03f0c96d-9b49-4035-906d-73fc1bae098f,ATX Mid Tower,4,White,Tempered Glass,65.5,
1b888281-e149-483d-8456-d858a52cc46e,ATX Mid Tower,2,Black,Tempered Glass,37.5,
d5cd663b-33ba-4fcc-a7f2-db146e6587da,ATX Mid Tower,2,White,Tempered Glass,,
974747a6-32be-4d0e-ae79-5b48c8cf5371,ATX Mid Tower,2,Black,Tempered Glass,38.2,
2f0c36ca-adb1-43fc-a9cc-3086ff4b4c0e,ATX Mid Tower,2,Black,Tempered Glass,,
d9b4c1b6-1a10-429a-bbf5-294a393b5ea4,ATX Mid Tower,2,Black,Tempered Glass,37.3,
cdb37950-3d10-4827-8f8d-0f425cdc336d,MicroATX Mini Tower,2,Black,Acrylic,30.4,
86062370-7062-4613-9172-f8088f955be3,MicroATX Mini Tower,2,White / Black,Tempered Glass,,
0f798c4a-3e67-45a7-8b9c-b56d6a343d5a,ATX Mid Tower,2,Black,Tempered Glass,36.1,
fa31adb7-2e0d-41a9-a03f-a597188aa489,ATX Mid Tower,3,Black,Tempered Glass,49.9,
eb22497b-54df-486b-9feb-9930cb70c6b7,ATX Mid Tower,2,Black,Tempered Glass,,
6cf8ac5e-21b1-4c92-b952-60834c520276,Mini ITX Desktop,2,White,Acrylic,22.4,
e8c82118-f4de-44d2-8e33-12d59dba91d2,MicroATX Mini Tower,2,Black,Tempered Glass,,
eb2c4710-6c50-44c6-8ca1-8cb803025ddf,MicroATX Mini Tower,5,Black,,21.9,
de7e2996-4e78-46fe-af9c-ce5ae53958a4,ATX Mid Tower,3,Black,Tempered Glass,54.1,
11a119aa-d0fd-4c77-bb37-54def3274abf,ATX Mid Tower,2,Black,,45.8,
cdd24069-1ecf-4828-a358-6b0d32788a00,ATX Mid Tower,4,Black,Tempered Glass,47.3,
de015c12-f4df-4b16-8653-c3c031ca49fa,ATX Mid Tower,2,White,Tempered Glass,55.8,
5852bab9-c8a4-41a4-9019-576e5e79bc50,ATX Mid Tower,2,Pink,Tempered Glass,41.3,
d98248d2-206f-4ecb-9a46-782d9119e6f4,ATX Mid Tower,2,White,Acrylic,42.2,
b0609a11-6f90-47e2-a55f-8bd3dbe7645e,ATX Full Tower,12,Gray / Black,Tempered Glass,,
43954b69-09a9-4468-bee6-1e69d4cebf7b,ATX Mid Tower,2,Black,,69.8,
7862378e-ebef-47ae-949c-3c33ec221679,ATX Full Tower,6,White,Tempered Glass,81.8,
d09c6518-2895-4409-bf75-9e46df66605e,ATX Mid Tower,4,Black / Gray,Tempered Glass,75.5,
a8eb97ac-1a1b-4b69-acb9-bcc54ef3581c,ATX Mid Tower,2,Black,Tempered Glass,,
84d18d85-7fde-4bef-bdee-e373c5d6249c,ATX Mid Tower,2,Black,Tempered Glass,45.8,
a59c90bd-3f68-4e4b-a250-def0886625da,ATX Mid Tower,2,Black,Tempered Glass,41.3,
81417ab4-d582-4547-8581-3c9c43dfa2c9,ATX Full Tower,2,Black,Tempered Glass,94.5,
bd482be4-6e94-4c9d-83d5-393ed721e71d,ATX Mid Tower,2,Black,Tempered Glass,45.9,
d355721e-731c-47db-a70d-6df01cbb2936,ATX Mid Tower,2,Black,Tempered Glass,,
aef2443e-edaf-4ba9-9cd8-f0fb82f09e47,ATX Mid Tower,2,Black,Tempered Glass,43.9,
28fba49c-53da-4743-85f4-3ad48ea6ca32,MicroATX Mid Tower,2,Black,Tempered Glass,,
96ed4d91-c9b3-4033-a4a0-217ffff13da0,ATX Mid Tower,1,Black,,46.7,
2ad8642e-fe5d-4b3c-b67c-c86fa8405275,Mini ITX Tower,2,Black,Tempered Glass,45.1,
9151078d-127e-4e96-8373-59993f6de73f,ATX Mid Tower,2,Black,Tempered Glass,61.8,
4868b79f-1f75-4940-92e8-fce24d591a97,ATX Mini Tower,0,Gray,Mesh,14.9,
1926cc62-105d-40f1-92b7-cda72a3fb527,Mini ITX Tower,1,Black,Tempered Glass,27.3,
37cf4dff-bd84-460c-9558-283dbbf6e6bd,ATX Mid Tower,2,Black,Tempered Glass,,
7a561b6e-3195-4f9e-9bb9-5fe519bd92d5,MicroATX Mid Tower,2,Black,,25.8,
0d36530b-621c-4818-b7ee-a8ed557986a3,ATX Mid Tower,2,White / Black,Tempered Glass,40.6,
6f88edb8-1d6c-443b-9b57-426327c16b89,Mini ITX Tower,1,Black,Mesh,,700.0
b0c6791e-058c-4175-a56f-8e34de23e571,ATX Mid Tower,4,White,Tempered Glass,,
710a977c-f52c-43e8-b7a7-2313ffe51ba3,MicroATX Mid Tower,2,Black,,36.5,
ddb5acc3-b155-4dc6-9fac-5942ed289edc,ATX Mid Tower,2,Black,,42.3,
5d8eb672-aa04-44e2-bd54-18c227f8e1cf,MicroATX Mini Tower,2,Black,Tempered Glass,,
81d94ea4-37e6-42c6-b825-7ae1c4a02083,Mini ITX Tower,1,Black,Tinted Tempered Glass,34.6,
26f4033f-2225-4969-95da-d9981e1c3c9f,ATX Mid Tower,2,White,Tempered Glass,39.7,
0bcbc9d1-a23c-44e5-9cc1-f93d998f7d25,ATX Mid Tower,2,Black,Tempered Glass,41.3,
1827ac11-09a0-4280-8258-cddb1da47f9d,ATX Mid Tower,2,Black,Tempered Glass,,
40320974-7626-4a13-a37a-77e5a575bf3a,ATX Mid Tower,2,White,Tempered Glass,38.2,
1d9a6798-be08-471e-9910-adeb3a8b3a3b,ATX Mid Tower,3,Black,Tempered Glass,54.1,
ad50a425-3677-4173-9185-cc95161a91df,ATX Mid Tower,2,White / Gray,Tempered Glass,,
b4082efc-7539-49bd-bb43-1fce877d5061,ATX Full Tower,6,Black,,82.0,
996ac2f0-9aa6-43f1-9451-5a64a34ca886,Mini ITX Tower,0,White,Mesh,14.7,
a9da4f6a-7032-45cc-8e33-25bcaf697d40,ATX Mid Tower,2,Black,Tempered Glass,80.7,
98ad348e-1ab5-4875-8378-b8fd95fe826f,ATX Full Tower,2,Black,Tempered Glass,62.7,
aebc5d1a-5efc-4ad2-ae33-3cd3108c700c,ATX Mid Tower,3,Black,,42.8,
f52047d0-0ffe-4acf-a51f-e06bc2175f92,MicroATX Mini Tower,3,White,Tempered Glass,33.0,
7d0b4c78-eeb1-4ffd-95c8-318d2ce79071,ATX Mid Tower,2,Black,Tempered Glass,49.5,
a1aee70a-a5f3-4e19-9ba1-6b5657e5f777,ATX Full Tower,12,Black,Tempered Glass,,
a83dc1dc-092b-4338-a447-0d76363d3c3f,Mini ITX Desktop,0,White,Tempered Glass,14.5,
a84190eb-878e-4dfe-9baf-86aa3c191542,ATX Mid Tower,1,Black,Tinted Tempered Glass,46.7,
1da14f98-e5ac-4d61-ae9c-6fda9daa66a3,ATX Mid Tower,2,White,Tempered Glass,,
0143641d-e4c5-41c0-9b2b-92303768045c,ATX Mid Tower,3,Black,Tempered Glass,54.1,
652ba692-07ac-4244-a6bc-bc2a00eb5744,ATX Mid Tower,4,Black,,,
d6dc59da-93ae-49f7-9925-43951ff05d57,Mini ITX Tower,2,Black,Tempered Glass,,
b222a8c0-3a45-4684-8d8e-ee5530be37f7,MicroATX Mid Tower,2,Black,Tempered Glass,,
25fd788e-8636-4c0e-9ead-d55a128c9271,ATX Mid Tower,2,White,Tempered Glass,48.3,
bea2a7f0-a6b6-4a62-ab48-c104355e22fb,ATX Mid Tower,2,Black,Tempered Glass,39.5,
d1b85812-e487-41ff-bc6f-793803f166c8,ATX Mid Tower,3,Black,Tempered Glass,83.8,
d28785ed-3aa0-45cc-a4d9-5ae1da038528,ATX Full Tower,15,Black,Tempered Glass,86.7,
e16f429d-1033-42d7-bf1c-9db3918f3854,MicroATX Mini Tower,2,White,Tempered Glass,33.8,
709e00b4-911a-4630-8edb-15dc500ad416,ATX Mid Tower,2,Black,Tempered Glass,,
893658c3-41d9-4597-b77a-a20d0dd7404a,MicroATX Mini Tower,2,Black,Acrylic,36.4,
0b2dcfdc-ea91-4fc8-8673-319ae9350cd5,ATX Mid Tower,2,White,Tempered Glass,41.3,
a7cc7dda-5f1e-4c82-9ec7-5e763f996cd2,ATX Mid Tower,2,White,Tempered Glass,69.8,
8679d509-7119-46ec-8a18-9e8a0275b261,ATX Mid Tower,2,Black,Acrylic,,
565512bb-bd3a-420f-8f3c-1c64a2bedfa4,ATX Mid Tower,2,Red / Black,Tempered Glass,,
d8b5ed23-7905-4a89-afb9-bc1a39b2cb13,ATX Full Tower,6,White / Black,Tempered Glass,81.8,
b08233d8-7ff1-4151-9f7d-ed497b17c013,ATX Mid Tower,2,White / Black,Tempered Glass,39.2,
92cb2940-7f91-4a8b-9ad1-0e18ad5e7235,ATX Mid Tower,2,Black,Tempered Glass,36.4,
8ee02e60-caca-43d3-972c-e2939a916b9c,ATX Mid Tower,2,Black,Tempered Glass,36.8,
2841b6c6-ec65-4476-bdbc-62fe6a94f466,Mini ITX Tower,1,Black,Tinted Tempered Glass,,
d015c83d-a358-4044-8ec3-7808e90b3952,ATX Mid Tower,2,Black,Tempered Glass,52.5,
103febf2-56d1-47f4-9614-8c3ec97c245e,Mini ITX Tower,0,Black,Mesh,24.8,
b95054b6-9077-4dae-adb5-6de935b6714e,MicroATX Mini Tower,2,White,Tinted Tempered Glass,38.7,
c1f42652-5dc0-4a23-98d4-5e54cc24114a,ATX Desktop,2,Black,Mesh,61.7,
6101fc45-4e15-489f-bce2-241940732e75,ATX Mid Tower,2,Black,,40.6,
a02174b4-db74-4ded-97ae-19159ffc31ee,ATX Mid Tower,2,Black,Tempered Glass,43.0,750.0
6caeace2-fdb1-4aeb-a8ff-e1670f5d9809,MicroATX Mini Tower,2,Black / Purple,Acrylic,,
09e5167d-59ec-4ade-9de8-bf0cadb85f4b,Mini ITX Desktop,0,Black,Tempered Glass,17.5,
b0f23673-1eb2-40a2-aa94-72ce16ceebf5,ATX Mid Tower,2,White,Tempered Glass,36.1,
9d1cf52b-df10-4d73-a9eb-7b892eff2cda,ATX Mid Tower,1,Black,Acrylic,33.8,
82670d80-6988-4faf-b26c-ef711cfb0a42,ATX Mid Tower,2,White,Tempered Glass,54.2,
11c50d07-e981-473a-9166-251b505c3f81,ATX Mid Tower,2,White,Tempered Glass,,
a67f0116-efc1-4320-b2ab-0be753513c12,ATX Mid Tower,2,White,Tempered Glass,37.3,
be7f0e5d-7801-451e-b191-f50ace4330e4,ATX Mid Tower,2,White / Black,Tempered Glass,61.7,
8a55ab4d-fca0-4492-9205-2efd4b6a1195,ATX Full Tower,6,Black,Tinted Tempered Glass,69.1,
8163c0b6-bdcd-4b03-9ce2-b94323fbad76,Mini ITX Tower,0,Black,Tempered Glass,29.9,
42b77e32-51e7-49e7-a609-bc4c554c3c52,ATX Mid Tower,2,White / Gray,Tempered Glass,,
30c73be9-8f28-4a43-9fd3-2c0cd3e109f9,MicroATX Mid Tower,2,Black,Tempered Glass,,
5de2c2e9-8968-4880-b57b-4f876a327322,Mini ITX Tower,1,White,Tempered Glass,27.3,
d4924051-6340-4df3-9120-469291333c45,ATX Mid Tower,2,White,Tempered Glass,66.2,
f8385998-d855-42ae-904c-9450ab01d960,ATX Mid Tower,3,Pink,Tempered Glass,41.7,
7ef42af3-0726-4aed-86fb-8fbb6d3be46b,MicroATX Mini Tower,2,Black,,,
77ddfce6-a490-4556-a651-bbba6e3c141c,ATX Mid Tower,2,Black,Tinted Tempered Glass,42.3,
696376b8-648c-4315-a32d-d3d2b8ee826e,ATX Mid Tower,2,Black,Tinted Tempered Glass,42.3,
6b24c8a6-8929-4ceb-a83f-6db3384ec8fd,MicroATX Mini Tower,1,Black,Tempered Glass,31.3,
3f46e24d-4d0e-41e7-a969-f0aa3537bf66,ATX Mid Tower,6,Black,,61.7,
cda30b41-dc99-4444-bbeb-f90cac0c34f0,ATX Mid Tower,2,Black,Tempered Glass,41.3,
93d7264e-cef3-4d0e-8009-9912420346dc,ATX Mid Tower,4,White,Tempered Glass,57.2,
43b4a3bd-b7eb-45e4-814b-31a8a7df41a3,ATX Full Tower,8,Black,Tempered Glass,127.6,
defd6e3c-d0cd-408e-9fe2-7d0a02202aac,ATX Mid Tower,2,Black,Tempered Glass,,
d6b922d5-c6ec-40e3-a6b3-0b046b8b2da0,ATX Mid Tower,4,Black,Tempered Glass,47.3,
d0646199-916e-4bc1-9603-417593a10ca4,ATX Full Tower,3,Black,,62.4,
2dbfe5c6-b1d4-411c-90a8-844f055a0e3a,ATX Mid Tower,2,Black,Tempered Glass,50.6,
1694d06d-055d-4f7d-a759-9c8cc7418181,ATX Mid Tower,2,White,Tempered Glass,55.8,
d6338841-ebbc-4bf6-b567-4c54b931168b,Mini ITX Desktop,5,Silver,,12.7,
00df7213-f159-4417-9006-c4d9cd0e2428,ATX Mid Tower,2,Cyan / Black,Tempered Glass,46.2,
c29a2835-334a-42c2-80ed-8c753b042e2a,ATX Mid Tower,1,Red / Black,Tempered Glass,49.7,
126322e6-2573-4bb9-89e2-adb03fea5c56,ATX Mid Tower,2,Black,Tempered Glass,40.5,
c5910a8e-e0df-4268-95d9-d241e6acd076,MicroATX Mini Tower,1,Black,Tempered Glass,26.6,
9f7fb3c1-883b-42dd-b3c5-3ec21d5c5c97,ATX Full Tower,12,Black,,,
7795cd90-dea6-4d98-bc1e-1c5cde3712b9,ATX Mid Tower,1,Black,Tinted Tempered Glass,46.7,
b47d3c32-8b4d-4388-9a72-2d50c42b262a,ATX Mid Tower,2,White / Black,Tempered Glass,43.0,
9b1db333-9550-4188-9bd0-ad8b2c1bb4d5,MicroATX Mini Tower,2,Black,Tinted Tempered Glass,36.6,
202f2974-e2b7-4312-bf72-e3bbf292c928,ATX Mid Tower,4,Black,Tempered Glass,,
51a8e1e5-4a05-426d-98a3-ad17ca1dfa33,ATX Mid Tower,8,Black,Tempered Glass,93.9,
66514c2b-3e41-4a2b-a05b-7f2b929b1d78,MicroATX Mid Tower,4,Black,Tempered Glass,35.5,
faf74e48-5654-4a7e-9866-2f4eccd22ea5,ATX Mid Tower,2,Black,Tempered Glass,48.6,850.0
27e02968-7f58-40f2-90f2-0cf3d360ee7f,ATX Mid Tower,2,White / Black,Tempered Glass,,
748594ca-885c-434b-a86f-a6b4cd4858ec,MicroATX Mini Tower,2,Green,Tempered Glass,40.5,
6e6cb306-9919-46d7-a6b7-5390722b244d,ATX Mid Tower,2,Black,Tempered Glass,61.7,
ef72cd75-f7fa-41e5-b62c-fe90f2185c91,ATX Mid Tower,2,Black,Tempered Glass,,
d72847fb-8f29-4fbb-9f93-a29a979b54a1,MicroATX Mini Tower,2,White,Acrylic,,
41a667a7-8f5e-409d-ac25-fa324a520a43,ATX Mid Tower,3,Black,,83.8,
223696c8-0ecd-4552-a1a5-a0165073d586,Mini ITX Tower,1,Black,Tempered Glass,29.3,
192e29e0-4bce-4e99-a5db-b8dabc78b935,ATX Mid Tower,2,Black,Tempered Glass,80.1,
f2129864-071b-493b-a007-b8ddd6fd066d,ATX Mid Tower,2,Black,Tempered Glass,48.6,
d016ece1-bc26-4467-be9e-580acfd2003d,ATX Mid Tower,2,Pink,Tempered Glass,33.2,
0fe5fc1c-2aca-40e7-b131-c7529015f342,ATX Full Tower,6,Black,Tinted Tempered Glass,82.0,
a8bc159f-301a-4c89-b201-0815d22ad8fa,MicroATX Mini Tower,2,Pink,Tempered Glass,40.5,
7be8c752-15d1-4b7c-8e37-5c1aeadebcd9,ATX Mid Tower,2,Black,Tempered Glass,49.6,
70fa25fc-8d1c-4359-bb35-1f2c64dc2892,MicroATX Mini Tower,2,White / Black,Tempered Glass,,
19660947-4f1d-4ce4-88a2-116d5ad0d6ad,ATX Mid Tower,2,Black,Tempered Glass,65.3,
d14b7ba9-364d-4bda-bf10-91da901f55cb,ATX Mid Tower,2,White,Tempered Glass,37.5,
1b481d28-8419-4691-b3c5-032e1687420e,Mini ITX Tower,0,White,Mesh,24.8,
b1242c0e-891a-453c-a7da-df25834841f7,Mini ITX Desktop,0,Gray,Mesh,4.4,200.0
a0b325cf-7208-48d2-910c-a75af5360efb,Mini ITX Tower,2,White,Tempered Glass,45.1,
ff574f7c-1925-44e9-beb8-1b522557a342,ATX Mid Tower,3,Black,Tempered Glass,,
06fe6fba-bf4d-49b0-8b28-01e1624950ca,ATX Full Tower,12,Black,Tempered Glass,,
f1b48806-82c6-4c1c-8622-fd36483a53c7,MicroATX Mid Tower,2,Black,Acrylic,,
bc54d547-0ada-4162-9954-631a6dce06cf,ATX Mid Tower,2,Orange / Black,Tempered Glass,46.2,
1046b727-31fc-4e00-9aed-8b8735ab345f,Mini ITX Tower,1,White,Tempered Glass,29.3,
0d513e31-2514-47ae-81bb-de9495036298,Mini ITX Desktop,1,Black,Tempered Glass,23.8,
0927807f-260e-452e-a9aa-3d3f9efbd0af,ATX Mid Tower,2,White,Tempered Glass,52.4,
ca2ba270-245f-4850-af5d-085fc1018c5f,ATX Mid Tower,2,Black,Tempered Glass,,
25b98307-df6f-4174-a1b1-2bb41ddcb99f,Mini ITX Tower,0,Black,Mesh,14.7,
f68e7112-672b-4d1b-80a7-05ce54c38cee,ATX Mid Tower,4,White,Tempered Glass,65.5,
b2406f68-adc8-46fc-8cd9-4d089130e50d,ATX Mid Tower,2,White / Black,Tempered Glass,45.8,
38787e63-45fb-4062-9c36-5f3f4a05f4b1,ATX Full Tower,6,Black,,68.6,
7371ed9c-cc21-42f0-99a0-3f254b918246,ATX Mid Tower,2,Black,,46.2,
2498b788-3745-49a8-a3f7-abf07599e681,ATX Mid Tower,8,Black,,,
282dd3f5-fd9b-48fe-b1ca-f4d48e4cc14a,ATX Mid Tower,6,White / Black,Tempered Glass,61.7,
b58726d3-21f6-424a-abb4-076d790805ba,ATX Mid Tower,2,Black,Tempered Glass,49.6,
99061b56-5c56-4b93-a71e-b92204cc6b88,ATX Mid Tower,2,Black,Tempered Glass,,
7e820dba-2d04-4231-a71a-2a42c9a0359d,ATX Mid Tower,2,Black,Tinted Tempered Glass,42.3,
217b2aa9-9bb2-48bc-921b-cdb6a49cf177,ATX Mid Tower,2,Black,Acrylic,39.4,
67266d81-6551-4cb3-b11a-17449bb67ab6,ATX Mid Tower,2,Black,Tempered Glass,44.4,
6c2b28f7-eb3f-4940-875c-41622fb3f935,MicroATX Mini Tower,1,Black,,20.5,
0ed0aff0-efb3-418c-8e9a-af7db2d2d317,ATX Full Tower,4,Silver / Black,Tempered Glass,,
84ec913e-6a82-4522-b82b-23953bdaef47,ATX Mid Tower,2,Black,Tempered Glass,49.2,
3e420749-6f2e-41b7-8a54-f379022fbd45,MicroATX Mini Tower,2,Black,Tempered Glass,,
e5fec696-fc98-4263-9540-fdfefbef336d,ATX Full Tower,6,White,Tempered Glass,153.6,
19c5fcf3-8175-4ed4-aa3d-858d81cc08f3,MicroATX Mini Tower,2,Black,Tempered Glass,30.1,
ef09d48b-e6eb-4008-ae18-7f87a53483da,ATX Mini Tower,0,Blue,Mesh,14.9,
de0b0b42-1506-4319-b650-ea25742e9e00,ATX Mid Tower,2,Black,Tempered Glass,55.8,
0a74b3ee-096c-4666-ba41-6006a96e77c8,ATX Mid Tower,2,White / Gray,Tempered Glass,,
f3a18d4c-ee7e-4721-a7b4-ec64db2c9ecd,ATX Mid Tower,2,Black / Red,Tempered Glass,41.3,
d436284c-1182-429b-84c3-9159918b72cc,ATX Mid Tower,2,White,Tempered Glass,43.0,
c6c34d60-0f95-436f-a50f-9b5483bafdbb,ATX Mid Tower,2,Black,Tempered Glass,42.3,
1d201fd0-48f1-48a5-8cb6-100694f23b79,ATX Full Tower,2,White / Black,Tempered Glass,83.5,
215ffc7d-6343-465e-a202-6f503d8568ca,ATX Mid Tower,2,Black,,43.5,
575ac770-07d8-4ed4-b52d-64ca645ce2b0,ATX Mid Tower,2,White,Tempered Glass,48.6,
09caa885-f34b-4d50-8947-3b444fa9cab4,ATX Mid Tower,2,Black,Tinted Acrylic,,
0e13d5ea-ee92-4b80-bc3c-0e45dd343340,ATX Mid Tower,1,White,Tempered Glass,46.7,
90154553-59f2-4fe3-ae4d-84cc5da5e49e,MicroATX Mid Tower,1,Black,Acrylic,,
c9f0556e-9c39-44f7-b339-50a2f8453b0d,Mini ITX Desktop,0,Silver / Black,Tempered Glass,17.5,
7211399a-bd71-401e-a7f4-5e501cdfff8c,ATX Full Tower,7,Black,Acrylic,,
0ce79748-b9b2-4b5b-a4cb-f38e33b087d7,ATX Mid Tower,3,Black,Tinted Tempered Glass,,
ceae400e-04e2-4abe-a56e-17415bc77ff7,ATX Mid Tower,2,White,Tempered Glass,33.4,
42c9fc53-232b-477e-adc4-1b99a1222e13,MicroATX Mini Tower,2,Black,,33.2,
90dd65b5-b986-49df-bfe6-4d0d373ad75b,ATX Mid Tower,2,White,Tempered Glass,41.6,
654fb935-ec00-48ef-a625-e55a2d1fed35,ATX Mid Tower,2,Black,Tinted Tempered Glass,,
e2750c0d-04b6-4bbe-a69f-402257a22db9,ATX Mid Tower,4,Gray / Black,Tinted Tempered Glass,,
ebf7f376-754e-4fd4-96ce-7d5aae06762d,MicroATX Mid Tower,2,Black,Tempered Glass,28.4,
63f9dde7-b101-4839-b18e-adcd96338099,ATX Mid Tower,2,Black,Tempered Glass,36.5,
a8ae88a9-e74a-40f3-a036-dbfae3b69386,ATX Mid Tower,2,White,Tempered Glass,42.3,
2b5361ed-0e1c-4d3b-857c-9afd5d51f1ef,Mini ITX Tower,1,Black,,11.5,
0b432cdf-e9b6-408b-b1ac-f5c132343418,ATX Mid Tower,2,Black,Tempered Glass,61.8,
1062a079-d833-4f58-a34d-63a81b9321c5,ATX Mid Tower,2,Black,Tempered Glass,61.8,
55a957e7-edf0-440d-832b-240f7c1d0ee4,ATX Mid Tower,2,White,Tempered Glass,45.9,
d162983c-ccc4-43e2-ae55-9d03a5589044,MicroATX Mini Tower,2,Black,Tempered Glass,38.8,
05c399b9-3254-4aa7-a709-3ac4f4ac5e0e,ATX Mid Tower,7,Black,,40.2,
88f10a64-5cd6-4c53-8fe2-08a8cf63cc20,ATX Mid Tower,2,Black,Tempered Glass,101.1,
d7533e0a-cf43-4d5c-a02a-5c8b5f89401a,ATX Mid Tower,2,White / Black,Tempered Glass,45.8,
328ee5e8-3bc4-4f59-83ce-27c83760ae71,ATX Mid Tower,2,White,Tempered Glass,38.2,
6652eee2-ae68-4214-bfdf-a63d915ec276,Mini ITX Tower,1,Black,Mesh,,
f49c6a65-5e9b-4624-ac3e-70265a0dc2ec,ATX Mid Tower,2,Black,,42.5,
6a43ab09-9af3-4fc0-8d4d-c87f7a88334f,ATX Mid Tower,2,Pink / Black,Tempered Glass,46.2,
88104f09-4c9b-4c51-a43d-4f1bcc29b531,MicroATX Mini Tower,2,Black,Tempered Glass,34.5,
cf74d076-4120-482b-8dbb-156bac69fa88,MicroATX Mid Tower,2,Black,Tempered Glass,,
e20be3d2-e362-4eb0-8aed-345b8f5c7360,ATX Mid Tower,2,Black,Tempered Glass,50.6,
09cca491-89cf-444e-a88b-d46f91385b2b,ATX Mid Tower,2,White,Tempered Glass,49.5,
3e428cb9-f1f8-44d3-bd6a-c822129a9a6b,ATX Mid Tower,2,White,Tempered Glass,34.1,
3dd5df06-f482-46ea-9ed4-a3f8e1c4b06b,ATX Mid Tower,2,Black / Blue,Acrylic,42.2,
b8dc37a2-9a39-4193-bb76-e7aab4e43da7,ATX Mid Tower,6,Black,Tempered Glass,61.7,
96737dea-c654-404b-b96e-4059829ebeb4,ATX Mid Tower,4,Black,Tinted Tempered Glass,,
479d054a-0434-4495-8419-c6a093cf4f1a,ATX Mid Tower,2,Black,Tempered Glass,46.0,
1452ed62-22ff-40bf-aae0-6bed7cc11ec5,ATX Mid Tower,2,White / Black,Tempered Glass,,
62c4b0af-120f-4dc0-bb37-5305a23aee61,ATX Mid Tower,2,Black,Tempered Glass,116.6,
6d2cbcfe-2633-4473-bd50-eba52c8ed8d9,ATX Full Tower,6,Black,Tempered Glass,153.6,
87097cbf-9206-4b6c-aed6-baa3345a34b1,ATX Mid Tower,7,Black,Tempered Glass,,
0fc120e1-8f03-40d2-b65e-dfc402fe13fd,ATX Mid Tower,2,White,Tempered Glass,101.1,
42da9785-2ba4-427a-9e6b-bcd17ea0edd7,ATX Mid Tower,2,Black,Tempered Glass,45.5,
ce9c81ee-9a4d-483d-ae19-0228f3807fb0,ATX Mid Tower,2,Black,Tempered Glass,38.4,
8852be1e-7187-4a9c-9f7c-1833ae3dadfb,ATX Mid Tower,2,White,Tempered Glass,69.8,
8300d3ab-7770-4ac5-8f8a-c55eec764bb3,MicroATX Mini Tower,1,White,Tempered Glass,31.3,
7947417a-2aea-4884-990a-de808f0000de,ATX Full Tower,9,Black,Tempered Glass,83.6,
d50aa08b-972d-4336-917e-4125bdb94167,ATX Mid Tower,2,Black / Red,Tempered Glass,41.3,
c29ad9cb-6bc5-4dfd-9802-e57369feea51,MicroATX Slim,1,Black,,11.8,300.0
29bac49f-eb86-481a-922c-06b4f3bc372f,ATX Mid Tower,1,Black,Tempered Glass,53.9,
f50fdf13-cbd5-415d-8bda-946560dddbb5,ATX Mid Tower,2,Black,Tempered Glass,48.3,
394e6c08-e7d8-4515-b81b-7dbba0f1f211,MicroATX Mid Tower,2,Black,,,
6437c20d-d1f6-4222-9101-b0fb49fc1a6a,ATX Mid Tower,2,White,Tempered Glass,61.8,
33962230-5fa5-4411-a734-f8f3b833b8fe,MicroATX Mini Tower,1,White,Tempered Glass,31.3,
f9cfc338-6fac-4f95-aa5c-e056b60f0324,ATX Mid Tower,4,Black,Tinted Tempered Glass,64.9,
faa4c44e-04db-46f8-8e19-38bc877d81a2,ATX Mid Tower,2,Black,Tempered Glass,,
eb706b42-142c-4af4-baf9-81a06e3769c3,ATX Full Tower,7,Black,Tempered Glass,,
cdb36ffa-29cf-4182-9c35-35dabc511265,ATX Mid Tower,3,Black / Orange,Tempered Glass,50.9,
b4b764f4-1978-456b-855b-cf89a41c422c,ATX Mid Tower,2,Black,Tempered Glass,,
a6a9cf4b-8c57-4f91-8920-413abb0319d3,MicroATX Mid Tower,2,White,Tempered Glass,,
e9a2a46b-371b-4e97-af5d-44852511e7c4,ATX Mid Tower,2,Black,Tempered Glass,,
754776a1-d369-4762-88e2-46182073ba3f,ATX Mid Tower,3,White / Black,Tempered Glass,,
099e4c8b-a505-4d66-918b-11d861417bc4,ATX Full Tower,4,Black,Acrylic,,
31915412-5549-4677-9802-cd47e433ce82,ATX Mid Tower,2,White / Black,Tempered Glass,,
7a2e9397-18c1-4038-8668-92ce9cab9519,ATX Mid Tower,2,Black,Tempered Glass,42.1,
d9c15ad3-0aca-4fc8-8d69-c4aacbfa3355,ATX Mid Tower,2,Black,,37.7,
f18085b0-18e0-4a1c-b23a-cff28f58fe73,ATX Full Tower,8,White,Tempered Glass,127.6,
b75da091-91b7-46d7-bbfa-2ddc1ec736ec,ATX Mid Tower,4,White / Black,Tempered Glass,75.5,
7450114e-0d49-42dd-ab46-2da6d1f43331,ATX Mid Tower,2,Black,Tempered Glass,39.7,
97d6c659-950a-4c99-9e06-3814289d5143,ATX Mid Tower,2,Black,Tempered Glass,40.2,
fb67577a-a681-4f5b-b135-32ffe53a27f4,ATX Mid Tower,4,,Tempered Glass,71.7,
bd4dd182-5991-482c-a18f-b97646294250,ATX Mid Tower,3,Black,Tempered Glass,,
d61cdb2d-3d52-46be-bb57-dd04dc74c52c,ATX Mid Tower,3,Black,Tempered Glass,,
182e7178-16f4-460b-99d6-3fc00e4cf824,Mini ITX Tower,0,Silver,Mesh,5.8,
73e50f70-076e-4079-869e-b13b0da86f4f,ATX Mid Tower,2,White,Tempered Glass,80.1,
93a7202a-b9de-4237-8cd9-fbbd459593d3,ATX Full Tower,4,Silver / Black,Tempered Glass,,
dd5f24af-0b78-4c3b-adbf-79eadb3bf2ef,ATX Mid Tower,2,Black,Tempered Glass,39.9,
c3c7bdad-257e-4b48-9ea2-441c73a5b201,ATX Mid Tower,2,White,Tempered Glass,49.5,
bf23cc1b-6f2d-4ba7-aaa9-1d6b8c2c3089,ATX Mid Tower,2,Black,Tinted Tempered Glass,69.8,
b1f75738-8612-483e-8202-5634d7ac0d42,ATX Mid Tower,2,Black,Tempered Glass,40.7,
4d457f85-7612-43c4-a18a-085f1e8eae0e,MicroATX Desktop,1,Black / Silver,,10.3,
425e2e26-4421-4161-a196-ad42e8ed9870,HTPC,2,Black,,26.5,
5e15bd7a-bc22-46b3-88da-9e8745aa9934,ATX Mid Tower,6,Black,Tempered Glass,67.1,
be3b72b7-bd5b-4756-9faf-8321ed51e6e6,Mini ITX Tower,1,White,Mesh,,
31495a1c-bd58-4a3f-810a-6997d1d7b6bd,ATX Mid Tower,2,White,Tempered Glass,52.5,
ca02d481-1c37-4691-b7ab-1d1138cfa39c,ATX Mid Tower,2,Black,Tempered Glass,,
677de6f1-7d87-468f-9429-c114e605b359,ATX Mid Tower,2,White / Gray,Tempered Glass,,
0f6322a5-28d3-4dca-88dc-d4b1ad7d9c18,MicroATX Mini Tower,2,Black,Tempered Glass,32.5,
3348bd2f-a307-4087-94cd-6fb0c864fd1f,MicroATX Mini Tower,1,Black,,,
27c9b9a8-4913-43c8-ba51-4bfa02e51ccd,ATX Mid Tower,2,White / Black,Tempered Glass,55.8,
48d1c367-224f-4e39-adf5-e803b5bcb231,Mini ITX Desktop,1,Silver,Tempered Glass,23.8,
5a5b68a0-e400-4d67-b5a2-48f2fc9e59d6,ATX Mid Tower,2,White,Tempered Glass,,
dcd1f2ba-0ae3-436c-bf8c-5acfac6e1d1c,ATX Mid Tower,2,Black / Red,Acrylic,42.2,
6fe710f3-711f-4e8a-9eec-a82d923770fe,ATX Mid Tower,2,Black,Tempered Glass,61.7,
209efeaa-3880-4685-af94-4fe65ceb2697,ATX Mid Tower,0,Black,,42.8,
4db26d93-85db-43a2-b1dc-464b54ea9768,ATX Mid Tower,3,White,Tempered Glass,54.1,
ff29a176-f6ac-47ec-bac9-15ad9761b79c,ATX Mid Tower,2,White / Black,Tempered Glass,,
f676b8a5-23fb-4523-be86-9ed1a6d4bdb1,MicroATX Mini Tower,2,Black,Tempered Glass,32.7,
6c488b23-547b-44b7-9bd5-1461a4110bd1,ATX Mid Tower,2,Black,Tempered Glass,54.2,
10773470-59f0-42e5-b0d9-25f2889d70ae,ATX Mid Tower,2,Black,Tempered Glass,,
5c54902e-94a4-4f6a-8af8-209c37f4be39,ATX Mid Tower,2,Black,Tempered Glass,47.1,
3486ce82-1792-495c-8be7-e69a6dea6109,Mini ITX Tower,1,White / Black,Tempered Glass,34.6,
ecb49fb2-d56f-4dcb-ab4d-979680e59b86,ATX Mid Tower,2,Black,Tempered Glass,73.7,
cdb6d92e-0e8b-4cd4-a32a-e74d1ed9c38d,Mini ITX Tower,1,White,Mesh,,700.0
fbdc469b-9481-4a08-bd38-5fefe103f2f9,Mini ITX Tower,0,Black / Green,Tinted Tempered Glass,,
7c932c55-76d1-49f9-93e0-a297b400c55e,ATX Mid Tower,2,Black,Tempered Glass,42.5,
d5d73386-5a5d-43b2-84e7-2cc4f88c8b68,MicroATX Mid Tower,2,Black,Tempered Glass,36.5,
137a1857-7551-438b-aef7-319ed979be51,MicroATX Desktop,3,Black,Mesh,13.8,
2998f917-79b1-4900-bcb1-1bacdceacd59,HTPC,0,Black,,,
6c7ed28b-4b48-4286-a37a-2ae8882b4300,ATX Mid Tower,2,Black,Tempered Glass,36.3,
a2abd55e-41bd-411d-8c5a-c29c2301dffb,ATX Mid Tower,2,White,,46.0,
20f7021d-f6fb-4734-9b94-5414abfc41cc,ATX Mid Tower,2,White,Tempered Glass,43.6,
4fb09e0c-944b-4e3a-b667-d9d748675db6,ATX Mid Tower,2,Black,Tempered Glass,44.4,
f4067c0e-4ecd-4da3-8fcd-2e8207100da9,ATX Mid Tower,2,Black,Tempered Glass,33.2,
88407883-5c87-427b-8308-6709e07fa95a,ATX Mid Tower,2,Black,Tempered Glass,35.4,
0c8586f4-136c-421d-a905-2b386078cf14,ATX Full Tower,0,Black,Tempered Glass,,
bffe0d80-250f-4282-9c33-afc2b43c7985,Mini ITX Tower,0,White,Mesh,24.8,
108775bc-4489-4ae6-b8c1-8d54ff2628bc,Mini ITX Tower,2,White,Tempered Glass,,
9dc7f4ce-f430-4bf0-b5de-4e7d706b930d,MicroATX Mini Tower,1,Black,Tempered Glass,35.0,
211fef86-1848-4144-8ad3-5528bcfaa8cd,ATX Mid Tower,2,Black,Tempered Glass,39.5,
fb622698-29e3-4cde-b499-cefe82a1aa05,MicroATX Mini Tower,2,Black,Tempered Glass,34.6,
ab9709ec-5740-486a-8bd3-c94783be96d4,ATX Mid Tower,2,Blue,Tempered Glass,45.3,
9c69cb80-ee43-4099-822e-163a8c7f6876,Mini ITX Tower,0,White,Tempered Glass,14.7,
2fb2b607-63a4-4162-a705-f5cb3ccc12b5,ATX Mid Tower,6,Black,Tinted Tempered Glass,61.7,
1c6d66c2-58a7-4004-8d37-997ca4394a84,MicroATX Mid Tower,2,Black,Tempered Glass,38.6,
c0c4a037-d24a-4491-b6ba-bdbfae9444b1,ATX Mid Tower,3,White / Black,Tempered Glass,,
bf3ada75-187b-4a51-bb47-502b620a280a,Mini ITX Tower,1,Black,,13.0,
1d60df28-5f07-4773-b981-46efc387c6a7,ATX Mid Tower,4,White / Black,Tempered Glass,,
6db0b493-7db7-4740-bcd3-756a1f2fd175,ATX Mid Tower,8,White,Tempered Glass,93.9,
491c7c34-13b2-45ff-87d4-ad9cd54f2027,ATX Mid Tower,2,Black,Acrylic,,
cfabb36a-f320-4a02-9d9e-81252041ea55,ATX Mid Tower,2,Black,Tempered Glass,41.2,
013dad5f-a510-4e79-a607-bb5f18e1b18d,ATX Mid Tower,2,White / Black,Tempered Glass,43.0,
74ce074a-f978-4307-a863-41a19d47dd8c,MicroATX Mid Tower,2,White / Black,Tempered Glass,36.5,
31ec6476-416d-4e73-9a82-84341a129e4b,ATX Mid Tower,6,Black,Tinted Tempered Glass,62.4,
19d607f8-8084-4054-8978-9cb584dc345b,Mini ITX Desktop,0,Orange / Silver,,10.4,
92af0131-b9f7-4852-9f17-904bbfda2aa0,MicroATX Mid Tower,2,Black,Tempered Glass,36.5,
7c94f840-8ecf-4cce-b92b-fcad38438214,ATX Full Tower,4,Black,Tempered Glass,81.4,
3d26ed6c-e0e2-45a2-a5ca-13b745d9831c,Mini ITX Desktop,0,Black,,,
c6b49445-a9a5-4bda-b483-cba387ee7b30,ATX Mid Tower,2,White,Tempered Glass,53.7,
bde06a56-7aef-4d5e-8f25-e872f64b5005,ATX Mid Tower,6,Black / White,,56.7,
8b2bff4b-d706-40c0-a008-1f9d5d9f183f,ATX Mid Tower,2,Black,Tempered Glass,43.7,
d05e52ca-e558-4b84-b8e6-0f8486b77cca,ATX Mid Tower,2,Black,Tempered Glass,,
f6d97821-20f1-4bbf-856e-22d42b4dad86,Mini ITX Tower,1,White,Tempered Glass,34.6,
224938ae-24a7-4fa4-9ced-92dd1ac404f1,ATX Full Tower,2,Black,Tempered Glass,127.3,
e3c17615-bc3c-4225-b9db-2a524010fc1e,ATX Mid Tower,2,Black,Acrylic,42.7,
31cb4367-e7fb-4bde-bd38-d815ad6b7918,Mini ITX Desktop,1,Black,,10.7,
9df0e698-90cd-491c-944b-90a73d5effde,ATX Mid Tower,2,White / Black,Tempered Glass,,
3684cde9-1a2b-43d0-998d-32ccc0ec678d,ATX Mid Tower,2,Black,Tempered Glass,41.5,
db3c9f44-468c-4456-83d9-d5838359e10a,ATX Full Tower,6,Black,Tinted Tempered Glass,81.5,
4baa08cb-b959-4902-bc1b-fc053ce081ce,ATX Mid Tower,2,Black,Tempered Glass,49.2,
af5644a3-c54f-412d-b945-b99515adabed,ATX Full Tower,3,Black,Acrylic,,
843ed123-7d5b-4f1b-8b68-c4a6ebd87a20,ATX Mid Tower,3,White,Tempered Glass,83.8,
2a63a49a-a01e-48af-b507-c0b7adeb047c,Mini ITX Tower,1,Black / Red,Tempered Glass,27.3,
27fffc37-f8bc-4b37-9c36-a53d97bd9f49,MicroATX Mid Tower,2,Black / Red,Tempered Glass,36.1,
de152a0d-8f10-4f08-a24e-708be8cfd368,ATX Full Tower,4,Black,Tempered Glass,185.4,
b56930fa-5463-4110-8d53-378b74038e5c,ATX Mid Tower,2,White,Tempered Glass,39.7,
a509f619-51bf-40cd-aa3a-96cb2ab2bfb8,ATX Mid Tower,2,Black,Tempered Glass,,
39d34a78-ca1d-4770-ba26-2899a2544730,ATX Mid Tower,2,White,Tempered Glass,48.6,850.0
6240d311-7782-4417-b348-15f1b04a9ae7,ATX Mid Tower,2,White / Black,Tempered Glass,,
8121062d-c36d-441f-9fc1-e882434e49f2,ATX Mid Tower,4,Black,Tempered Glass,,
f5b43aaa-cbd7-4354-ab2b-a99f11482ff3,ATX Mid Tower,2,Black / Gray,Acrylic,42.2,
be1aff2e-a5ad-450f-a758-994c1cd19ee3,HTPC,3,Black,,30.9,
b684d56d-4fd2-4d17-a12d-a58dbd376c98,ATX Full Tower,2,Black,Tempered Glass,,
dd131051-7b85-4b0f-b18e-469dd9feef2e,MicroATX Desktop,1,Black,,8.0,265.0
3d3962a1-c09a-426e-9dac-6defcfbec1d0,ATX Mid Tower,2,White,Tempered Glass,49.6,
62da069c-ffc3-4b96-9ee8-9eeb6c4b56a2,Mini ITX Desktop,1,Silver,,23.8,
8415b432-5f66-4a5b-821a-788e773e4015,Mini ITX Tower,0,Black,,29.9,
e1d8a539-d537-4681-845e-a8bb2edaefd0,ATX Mid Tower,2,Black,,,
f2ac7b03-5769-4bdf-bcfd-323af8cba0b1,ATX Mid Tower,2,Pink / White,Tempered Glass,43.0,
d067a7bc-2a5a-44d3-8f85-a3bf4175ec80,ATX Mid Tower,2,Red / Black,Tempered Glass,,
eeadf4f3-d6e2-4b6a-8ad5-83780de43ad4,ATX Mid Tower,3,Black,,,
12fb2f29-b283-4a90-969e-aa452fd14404,ATX Mid Tower,2,Black,Mesh,47.3,
232f0008-40e2-47d7-a172-08a6feafa16e,ATX Mid Tower,2,White,Tempered Glass,51.9,
8850ffba-89a4-4b0e-94ad-c0e0db6f47fb,ATX Mid Tower,1,Black,Tempered Glass,37.5,
ff0d7d98-b3af-4f11-8554-b92dfeed3567,Mini ITX Tower,1,Black,,11.5,
457cb540-6e6d-4baa-bc77-da9c7b14a5d7,ATX Mid Tower,3,Black,Tempered Glass,49.5,
0a581900-b314-4b71-a08d-ebcc2529efb3,Mini ITX Desktop,5,White,,11.1,
64cb2a63-4db4-4843-ab95-8ee248ede4ae,MicroATX Mini Tower,2,Black,Tempered Glass,30.1,
16e5c340-b9ee-4c33-85fe-3b9d65c1c647,ATX Full Tower,7,Black,Acrylic,,
88465b6d-3ea1-4420-aab4-a35e7bc72de7,ATX Mid Tower,3,Black,Tempered Glass,,
75877a40-7e93-4a99-8f32-b614963d4bb7,ATX Mid Tower,2,Black / Red,Acrylic,,
a2321843-ef01-4b4f-b955-c4a5535cbd7d,MicroATX Mini Tower,2,Black,Tempered Glass,36.7,
fcd1f6d0-9638-432e-ba73-05fb857b6017,ATX Mid Tower,4,,Tempered Glass,71.7,
9e85aa0c-863f-4fc5-98ed-9516be638639,HTPC,2,Black,,15.5,
3b67282b-d3fa-4ef3-95b0-c8ddf2e162f4,ATX Mid Tower,2,Black,Tinted Tempered Glass,41.0,
5d5f04c0-ee69-43c3-8277-a566c1c8ddff,MicroATX Mini Tower,4,Black,,,
201a5f66-ba00-463d-9a20-6457e02946e8,Mini ITX Desktop,0,White,Tempered Glass,14.5,
4e889ac8-92e2-4c0d-8ae0-06c24bf8a134,ATX Mid Tower,6,White / Black,Tempered Glass,61.7,
77109324-74f6-441c-948d-a0b01c671895,ATX Mid Tower,3,Black / Silver,,50.9,
b8a95882-ee15-4b7d-b60b-2e0f2eb3f063,ATX Mid Tower,2,Black,Tempered Glass,50.6,
4a01c17c-7eae-4fbd-ba35-c1149de391f1,ATX Full Tower,3,Black,Tempered Glass,,
53714dc5-c9cf-4d60-8c4d-8af8d0b48e37,ATX Mid Tower,3,Black,Tempered Glass,,
f3ac8f34-4fa7-4944-b25e-494714ceb235,ATX Mid Tower,4,Black,Acrylic,38.3,
5383d70c-cee1-40e5-9fc3-363c7d9856fd,ATX Mid Tower,2,Black,Tempered Glass,,
8816a966-fd64-4071-ae41-5502f9374750,ATX Mid Tower,2,Black,Tinted Tempered Glass,42.3,
47d07513-cf7b-4250-9e3c-a9ca27e7f7b1,ATX Mid Tower,2,White,Tempered Glass,48.6,
5c5178eb-a43d-4270-bd90-0bddbcdfad1b,ATX Mid Tower,2,White,Tempered Glass,,
d6eb7e86-4d6b-4b4a-aa8d-e7c3e33dc0c0,ATX Mid Tower,2,Black,Tempered Glass,44.9,
ae4e294a-870f-4c21-9ab2-111363d95d86,ATX Mid Tower,2,Black,Tempered Glass,101.1,
f4032cb2-df78-4f94-bdfe-4eb9b9e2aa1d,ATX Mid Tower,2,White / Black,Tempered Glass,41.4,
d93c6d6a-5a4e-4067-b880-b2522439799f,ATX Mid Tower,2,Black,Tempered Glass,53.0,
274b3db1-11ca-43a8-a13f-c586787d29ad,ATX Mid Tower,3,Black,Tempered Glass,50.9,
4c9e6c39-51c1-49a2-92a2-87486631a406,ATX Full Tower,2,White,Tempered Glass,,
0fc455b7-fe1a-45bb-b0bf-7bb9c226292b,ATX Mid Tower,2,Black,Tempered Glass,52.3,
df5e3325-6f15-4177-ae9c-7c1a1877a6ad,MicroATX Mid Tower,2,Silver / Black,Tempered Glass,28.4,
57b80bc1-d572-42f9-96b4-12e4e1439936,ATX Mid Tower,4,Black,,,
b553d3d6-3145-4176-8083-87904321184f,ATX Mid Tower,3,Black,Tinted Tempered Glass,,
910e6492-a156-4692-9a35-949d9c991e5b,ATX Mid Tower,2,Black,,43.1,
b1cbdc1b-a3e4-40d1-8534-83d78bf6c2ec,ATX Mid Tower,2,Black,Tempered Glass,53.0,
119dc038-4d5e-471f-b7dc-9b8d2c75ab47,ATX Mid Tower,2,White,Tempered Glass,49.1,
7f50d388-f055-47f9-9d85-c6a6de1cd324,ATX Mid Tower,2,White,Tempered Glass,71.4,
9c0f65e4-38e0-400c-b9a0-3b162ec7551b,MicroATX Mini Tower,2,Black,,30.1,
0034a68d-b9bb-43fd-a646-2ab1dddee341,ATX Full Tower,7,Black,,82.0,
22ee2a46-0537-466d-ad4f-fe1d9df3d961,ATX Mid Tower,2,White,Tempered Glass,50.6,
33a4c58b-ecf2-47ea-b6ad-6efecbddaaf6,ATX Full Tower,7,Black,Tempered Glass,110.7,
7c58bc31-1efd-4650-97e4-0b6b5166cff4,MicroATX Mini Tower,1,Black,Mesh,15.9,
40182270-1591-479c-8371-382135bb94f9,MicroATX Mini Tower,1,White,Tempered Glass,26.6,
a50f64e1-acdd-42ca-b3c7-996456f457af,ATX Mid Tower,2,White,Tempered Glass,101.1,
bb64e062-0885-4213-b14e-5cfa483faf9b,Mini ITX Tower,1,Black,Tempered Glass,22.8,
7f036639-6f35-4582-aac9-b98ff52653ab,MicroATX Desktop,3,Black / Silver,Tempered Glass,49.4,
96cd90d1-34d4-4e8b-9003-be1ec0ee2fb3,ATX Mid Tower,2,Pink,Tempered Glass,39.5,
baf31654-0ce3-4e22-98ed-d63d25d8a595,MicroATX Mini Tower,3,Black,,,
2466f92c-2a1f-4dc9-ad84-ae3358180b04,ATX Mid Tower,2,Gray,Tinted Tempered Glass,69.8,
8320acba-7e6f-443f-ae6d-fed2d68b6408,MicroATX Mini Tower,4,Black,,27.5,
e68431fe-e060-4b0f-b172-2d4d9b31dcc0,ATX Full Tower,2,Black,Tempered Glass,90.5,
c26fcf15-c72e-401e-9375-00386c3cde4c,Mini ITX Desktop,0,Silver,,,
a3d956de-19f0-404e-9767-a35c9cb30cc7,ATX Mid Tower,3,Black,Tempered Glass,,
0c4554a7-6b33-4e2b-a23b-633d1269e65d,ATX Mid Tower,2,Black,Tempered Glass,,
3651889f-852d-45e2-8284-bae6f6328ede,ATX Mid Tower,2,White / Black,Tempered Glass,50.7,
fa186803-8a85-4e40-b4c9-56601e1be21a,ATX Mid Tower,2,Black,Tempered Glass,41.4,
70edd665-78c2-4276-ae61-f0c138b8ea67,MicroATX Mini Tower,2,Black,Tempered Glass,29.9,
b09d4064-2b9e-4094-b8bb-ed1f984be452,MicroATX Mid Tower,5,Black,,27.9,300.0
a6a47db3-7312-4c80-8429-3617ac582cc8,ATX Full Tower,7,White,Acrylic,,
46c8912c-eebf-4d72-b6f9-e892dcd6494e,Mini ITX Tower,1,Black / Red,Tempered Glass,27.3,
224f63d6-4a4d-47d3-a81d-105b6381cb1b,ATX Mid Tower,2,Black,Tempered Glass,41.3,
102eabd8-1a4b-4cfb-b270-57e90568603f,MicroATX Mid Tower,4,,,,
ab02720b-22fc-4f88-a579-6a55f1ce433f,ATX Full Tower,8,Black,Tempered Glass,,
fe230517-d8ff-43eb-8d63-8d473f2bdc78,ATX Mid Tower,2,White,Tempered Glass,49.6,
7eec546f-9504-44f6-9d1f-145a1a303d8e,ATX Mid Tower,6,Gray,Tinted Tempered Glass,61.7,
2fea2471-6300-428e-8bca-6f976ed8c097,ATX Full Tower,6,Black,Tempered Glass,82.0,
d56c2a83-68c1-4b97-9357-3ab5d6a5c59f,ATX Mid Tower,1,White,Tempered Glass,49.7,
3204a16c-075f-4f39-a5dd-3a4a1d33ecd6,MicroATX Mini Tower,2,Pink,Tempered Glass,32.5,
a1ae5031-edf1-4dee-8547-97a18518227a,MicroATX Mini Tower,2,Black,Tempered Glass,,
39a7e438-9c5b-4ef7-a498-d56f5ee3d8f7,Mini ITX Tower,1,White / Black,,11.5,
ffb5ef38-9ee4-4ced-b628-b5a79cf21f00,ATX Mid Tower,3,White,Tempered Glass,35.7,
4fe82839-6b50-4ec0-852f-100f1b29deca,MicroATX Mini Tower,2,White,Tempered Glass,30.1,
0963f8f2-06e4-453b-a2fa-bb3be1cb2127,ATX Mid Tower,3,White,Tempered Glass,49.9,
35f4818a-a59a-422c-8ac3-3afe16b38fa0,ATX Full Tower,2,Black,Tempered Glass,32.3,
53cb62ff-ae04-4f10-ab4a-a5b664e90fe8,Mini ITX Tower,2,Green / Black,Tempered Glass,,
24f30fe4-8141-48ec-9dde-d30ceb9aa3cf,ATX Mid Tower,2,White,Tempered Glass,46.4,
4adba6dc-3e02-407e-a542-e45d57d8e352,ATX Full Tower,4,Black,Tempered Glass,78.0,
c4dd8000-bac7-4919-8ca3-f81ecd4f9a26,Mini ITX Tower,0,Black,,,
79d34835-eef7-4e13-919c-63a78d25d16d,ATX Mid Tower,5,Black,,,
5c0e3d95-d904-4030-8968-38db1ab35cfe,ATX Mid Tower,3,Pink,Tempered Glass,35.7,
27d8626d-8ee9-4cfa-b2f2-681d8e385120,Mini ITX Tower,0,Black,,,150.0
a8cd1ad5-9fc9-49b4-a077-62732afab30b,ATX Mid Tower,2,White / Purple,Tempered Glass,36.1,
f4c505f2-6cce-40e5-b1f0-38a84d33d938,ATX Mid Tower,0,Black,,35.4,
22c35a34-7af5-4ae6-8f62-c470739bba33,MicroATX Mini Tower,2,Black,,26.1,
deef2ba6-3db3-41fc-a01c-12bf676d2739,Mini ITX Tower,1,Pink,,11.5,
c9392bef-dedb-4348-b65d-86350d8ca923,ATX Mid Tower,3,Black / Red,Acrylic,42.8,
66883f50-6976-462a-b52f-17cfa7f0ddc3,ATX Mid Tower,2,Black,Tempered Glass,44.8,
1b7dc8d0-30b6-4423-b9ba-3ee07e85f1b8,Mini ITX Desktop,0,Black,Tempered Glass,14.5,
362e3e80-3d8f-4489-8a7c-45bcc2e88d97,MicroATX Mid Tower,2,Black,,,
e295aac5-e0d8-4b4f-a2fa-afb912401865,ATX Mid Tower,2,Black,Tempered Glass,42.0,
7a82832d-73d0-4f3c-a0ca-1b9a20199b08,ATX Mid Tower,2,Black,Tempered Glass,35.4,
f354e084-140e-4aae-ad87-61f013eda63d,ATX Mid Tower,3,White,,83.8,
8d8805d5-99fd-4dd8-94a0-c63241ee58f6,ATX Mid Tower,2,Black,Tempered Glass,37.3,
3fc2ee41-fd0b-4ad4-b9b2-076f32101cf8,ATX Full Tower,4,Black,,78.0,
b6fa84b8-0377-4236-8ad4-24a36bac6082,ATX Mid Tower,2,White,Tempered Glass,65.3,
95cfe9ba-e0e4-4695-a718-9a4055b0985a,ATX Mid Tower,6,Black / White,Tempered Glass,56.7,
cbd1110a-c9a9-4ce2-8fc5-53ef47b2d88b,ATX Mid Tower,2,Black,Tinted Tempered Glass,,
291bb147-3da0-4c9b-9c5a-8fddbfc5ab25,ATX Mid Tower,2,White,Tempered Glass,45.2,
95f56072-7910-4895-adca-925ec7586f95,ATX Mid Tower,2,Black / Gray,Acrylic,37.7,
677ec64f-d935-4256-9186-f04ab3491e7f,MicroATX Mini Tower,2,White,Tempered Glass,34.5,
78293ac5-a4ff-41f6-ba94-1663ad85cf94,MicroATX Mini Tower,0,Black,,9.6,
f3b4fe7d-4fc2-44a2-a8d6-13445fc88fc4,ATX Mid Tower,2,Black,Tempered Glass,66.2,850.0
360a2a94-5efc-4207-8656-e4cc8c7ff5e2,ATX Mid Tower,1,White,Tempered Glass,,
89d4a4b4-7489-4d83-b30a-56929fc04677,ATX Mid Tower,1,Gray / Black,Tempered Glass,,
7b8eb285-43bd-4dde-8f62-ed80e2c4f594,HTPC,0,Black,,,450.0
ddbdc76a-292a-43ab-9b54-fc3cacd7e3d4,ATX Mid Tower,1,White,Tempered Glass,114.0,
7fd2edd6-0351-42f3-87fb-7c3a73b0460d,ATX Full Tower,2,Black,Tempered Glass,161.6,
cbb39b50-a10f-407c-9340-306995187cbf,ATX Mid Tower,2,Black,Tempered Glass,,
63b053fc-9d90-4f64-b535-e15b8042a78d,ATX Mid Tower,2,Black,Tempered Glass,40.0,
6b91577d-1973-4a31-836f-e414a6733feb,HTPC,0,Black,,7.1,
40fe1483-ae94-4617-aa37-2cb264c3b403,ATX Mid Tower,4,Blue / Black,Tempered Glass,,
2ad20b9f-b81b-4883-9a8e-7c83e5a48e3f,ATX Mid Tower,3,Black,Tempered Glass,,
e4af4dd4-bce5-49fc-80eb-9df005b5b74c,ATX Mid Tower,1,White,Tempered Glass,53.9,
e93a8088-60ff-442c-8ed8-91891b3a9c01,ATX Mid Tower,2,Black,Tempered Glass,,
21e0a108-b68e-4975-9cea-d489bb6b1146,MicroATX Mini Tower,2,Black,Tinted Tempered Glass,33.2,
943bef72-8da2-4b0f-b2a5-200b8adba478,ATX Mid Tower,1,Black / Red,Tempered Glass,114.0,
895497cc-2e87-42ce-8e29-c8fb6d106415,ATX Full Tower,3,Silver / Black,Tempered Glass,,
41fde39b-6c14-47aa-a0db-a943439dad60,MicroATX Mini Tower,2,Black,,,
c19e4a73-e436-4aaf-b658-0def39087198,ATX Mid Tower,4,White,Tempered Glass,64.9,
f7bafa05-bda2-4de0-ab93-75da13cc463f,ATX Mid Tower,2,Black,,46.3,
9c1a3ffb-e61e-4414-9957-916bfdc04a8c,ATX Mid Tower,3,Black,Tempered Glass,35.7,
0a52939f-5cb9-4644-9361-938a450d4890,ATX Mid Tower,6,White,Tempered Glass,62.4,
0b8cb8d6-af75-4e0c-a001-13c1859339a2,ATX Mid Tower,1,White / Black,Tempered Glass,,
5fbee26a-518e-4570-85a0-d8a0d4b8b44d,ATX Full Tower,10,Black,Acrylic,,
7641d3f8-35ae-4d1f-be4e-62cabd999161,ATX Mid Tower,3,White,Tempered Glass,41.7,
67ba0eef-faf0-4911-8167-8200519ff40f,ATX Mid Tower,2,Black,Tempered Glass,70.9,
45bd0af1-2cc5-4f03-b8b6-024a9ee7fae3,ATX Mid Tower,2,White,,38.6,
787c6809-bf13-407a-a1b0-f521158e688d,MicroATX Mini Tower,3,Black,,,
02213e45-7676-4034-9474-e7ea946bec87,ATX Mid Tower,2,White,Tempered Glass,46.2,
82239fa5-db11-40da-b603-b3f3519e76b5,ATX Mid Tower,2,Black,Tempered Glass,50.7,
82e7eb00-06f1-4612-bc32-3967676fd800,ATX Mid Tower,2,Black,Tempered Glass,,
ef1a2a80-70f7-418d-a8a4-e2fea417bb82,ATX Mid Tower,2,Black,Tempered Glass,65.5,
92008082-b249-43cb-863d-e37d6ae7c0af,ATX Mid Tower,2,Black / Gray,Tempered Glass,43.0,
aa641646-aca5-42a6-8a56-3ecbfb3f57c0,ATX Mid Tower,3,Black,Tempered Glass,,
710f8e3f-21c5-454f-8a4f-339586a1ea67,Mini ITX Tower,0,Black,Tempered Glass,14.7,
83d06ca3-f9ce-48b0-a335-372e101044a1,HTPC,0,Black,,5.3,150.0
4d03b243-5d7d-4111-83aa-c70df825c937,Mini ITX Tower,1,Black,,,
3d7d9185-d788-42fd-a269-de1168613b94,ATX Mid Tower,2,Black / Silver,Acrylic,80.1,
d145c221-802b-44f7-a3a5-b4dab39c7d4f,ATX Mid Tower,2,White,Tempered Glass,41.3,
fa158cc9-88df-4196-9137-5e6fa0c36111,ATX Mid Tower,3,Black,Tempered Glass,45.0,
2823feb9-aa8c-4128-bca3-9e48efa7a71d,ATX Mid Tower,6,Black / White,Tempered Glass,62.4,
2e01a324-08f1-4c94-908f-5d52a60bf728,Mini ITX Desktop,1,White,,10.7,
ca63c2a3-50ec-49e9-9eda-a3e27a8ac9e8,ATX Mid Tower,2,White,Tempered Glass,46.0,
6599707f-c61f-438c-89b7-69c718ac6ccc,ATX Mid Tower,2,White,Tempered Glass,,
164b2735-f4f3-46b2-aac7-b93fdc9b6b8c,ATX Mid Tower,2,Blue,Tempered Glass,54.1,
4755b2e1-057f-4e78-8efc-f1ee3f559c83,ATX Full Tower,7,Black / Silver,,82.0,
77578f33-45fa-4aa9-91f9-0ba96c0b086f,HTPC,0,Black,Mesh,15.6,
2913a20b-497f-44b5-abe4-ba84e524fdb6,ATX Full Tower,2,White / Black,Tempered Glass,161.6,
9a576627-f8cd-412a-8062-4a53dffecf1b,MicroATX Mini Tower,4,Black,Mesh,21.9,
1f20b676-ee4e-42f2-a702-02cf18a5a727,ATX Mid Tower,2,Black,Tempered Glass,42.9,
9de08c3c-c8ce-456b-9e92-e2bce3a7c41e,ATX Mid Tower,4,Yellow / Black,Tempered Glass,75.5,
272131b3-12ce-4fb2-91e8-e2de357bf1bb,ATX Mid Tower,2,White / Black,Tempered Glass,42.3,
a1097b65-9bb3-4180-b8ec-1b0c68b9a659,ATX Mid Tower,2,Black,Tempered Glass,,
f16844ae-4e8c-42cd-a94a-11f2c512dfff,ATX Mid Tower,2,Black,Tempered Glass,44.8,
32471b62-a673-4ea2-8909-7c8dedc45d8c,ATX Mid Tower,2,Pink,Tempered Glass,,
558313c8-9543-4d44-b905-2e73d7bebda5,Mini ITX Desktop,1,Black,Acrylic,,
619ab401-8b47-4fd7-9b80-77e29674eb0b,ATX Full Tower,6,Black,Acrylic,96.8,
7e8df381-24d4-4276-99c6-e812673d8fb5,ATX Mid Tower,2,Gray,Tempered Glass,46.0,
3f822ea4-122e-459f-b619-91ea22ccbf4d,ATX Mid Tower,4,Black,Tempered Glass,53.8,
2665b687-2d89-4821-b0b1-2f5871633c84,ATX Full Tower,7,White,Tempered Glass,110.7,
6a2daf56-6d00-433a-ae2b-2a70709827ae,ATX Full Tower,3,Black,Tempered Glass,,
3127ef88-5315-4e96-b9e2-c0dfc1c2766b,ATX Mid Tower,1,Black,Mesh,19.5,
caa4ad5a-eb57-4df3-b9ba-f1c254344ae0,ATX Mid Tower,2,White,Tempered Glass,,
232fecf1-490c-433c-bc01-9180056113a6,ATX Mid Tower,1,White,Tempered Glass,48.1,
efb35f9d-0f97-4c85-9fd9-34eaadaad4d7,Mini ITX Tower,1,Black,,8.5,250.0
5b70cbb5-3e87-494e-a793-28f7c50876e6,ATX Mid Tower,2,Black,Tempered Glass,46.2,
4a7b516d-1721-47d2-a5de-118bee8449cb,MicroATX Mid Tower,1,White,Tempered Glass,25.7,
626bdf3b-7692-4810-b984-727d7877ab99,ATX Mid Tower,2,Black,Acrylic,43.0,
106ba3aa-e9ec-43ab-ad1a-aa4410536b7c,Mini ITX Tower,1,Gray / Black,,,
cb9a690b-b725-4881-afe6-084fd6f0707e,ATX Mid Tower,2,Black,Tempered Glass,37.6,
d9d5e385-e04c-4784-ac4e-d09aacbeb3d0,ATX Mid Tower,2,Black,Tempered Glass,40.9,
c1ce4b52-9464-4ab6-a406-bd3cf04e5362,ATX Full Tower,2,Black,Acrylic,90.5,
214c0600-ac00-442c-bd7c-5c61b5ab8ff4,ATX Full Tower,7,Black / Orange,,82.0,
d1f554ba-418a-46bd-9983-67e0f6342b92,ATX Mid Tower,2,Black,Tempered Glass,42.5,
a7d6818e-6164-4139-8e13-7fb8b0a1d9fa,ATX Mid Tower,2,White,Tempered Glass,35.4,
e7c4725e-493f-4b38-9d80-4cd6efbcfef7,MicroATX Mini Tower,1,Black,Tempered Glass,31.3,
28a65b9f-a1ec-4286-a7e2-c4b2ffaf5754,ATX Mid Tower,3,White,Tempered Glass,35.8,
1fb8a792-1ffa-4b01-a168-c88a5f325509,ATX Full Tower,4,Gray,Tempered Glass,81.4,
0c4ed6e2-2c32-440c-adfa-9e194103730a,ATX Mid Tower,2,Black,Tempered Glass,60.8,
c72841c6-a2ab-40ea-b41c-4c4b24c8b715,ATX Mid Tower,2,Gray,,46.0,
4c63eef3-b0e5-42db-be92-d8aa9183da25,HTPC,8,Black,,33.4,
e268c1f6-90b7-405a-85b6-796b9de84b88,ATX Mid Tower,4,Black,,47.0,
f7849b28-3cae-4498-b2a1-5bfb38a00cdf,ATX Mid Tower,2,Black,Tempered Glass,42.9,
ebddb163-08aa-4cdf-ab3d-2164dad5b442,ATX Mid Tower,3,Black,Tempered Glass,41.7,
3d21bb41-fbc1-41a0-aa0d-78f5ef9d1266,ATX Mid Tower,2,Black / Blue,,,
6ad341da-88a9-44f5-b728-ed5f46e5fcd6,Mini ITX Desktop,1,Black,,,
d825b5df-d03a-4219-b500-dbcbb8d50958,ATX Mid Tower,2,White,Tempered Glass,44.8,
0007a583-965a-414a-a409-ad13e455f784,ATX Mid Tower,3,Black,Tempered Glass,35.7,
ad6a0d3a-d2b5-4c90-8145-134c29518210,MicroATX Mini Tower,2,Silver,Tinted Tempered Glass,41.7,
2eb9eebc-ba98-4ac5-aa90-4a207ec0f5b7,MicroATX Mid Tower,1,Black,Tempered Glass,25.7,
24a23174-72ad-4028-a32e-26ac71c177be,ATX Mid Tower,2,Black,Tempered Glass,49.4,
36f3b68f-99a7-4e7f-a36f-23cf76fcd51d,Mini ITX Desktop,0,Black,,,
0a5d371d-3be6-494d-832a-99501cbe529f,MicroATX Mini Tower,2,Black,Tempered Glass,37.2,
7cf72f94-173b-4a38-9a09-eaaee5c3b989,ATX Mid Tower,2,Black,Mesh,46.8,
64d4bb50-b57a-463a-b82e-fab188858f7b,ATX Mid Tower,2,Red,Tempered Glass,80.1,
a8eaaf3b-2864-427a-b8ee-87b820e56a30,ATX Mid Tower,2,White,Tempered Glass,50.6,
f09f619a-0a5b-41ab-b229-c8b12747c283,MicroATX Mini Tower,2,White / Black,Tempered Glass,,
86076cb7-cd1b-4723-afee-4c0c0d4cf8dd,Mini ITX Tower,2,Turquoise / Black,Tempered Glass,,
d976b340-f62a-47d2-92e2-a7eadf7328ea,ATX Full Tower,2,Black,Tempered Glass,,
fef90a6b-621f-4c8b-a8b5-eaae7b5a1789,ATX Mid Tower,3,White,Tempered Glass,,
34b5b21d-412c-4e15-bf8f-45be8b58d5c1,ATX Full Tower,7,Black,Tempered Glass,100.9,
7d9895dc-a1bd-466e-aaa7-3fb0cbb22249,ATX Mid Tower,2,White,Tempered Glass,,
a0cd547b-2d94-4474-9851-89dbef1d60a9,ATX Mid Tower,2,White,Acrylic,71.4,
3e97c2fc-16c5-40b3-9aa9-f2b13fddd4b4,ATX Mid Tower,2,Black,Tempered Glass,34.9,
2e96c2c6-8aab-4fe5-9933-beb36d645968,ATX Mid Tower,2,Black,Tempered Glass,43.3,
392d2e3b-866f-4c43-a43d-9158239833ea,HTPC,2,Black,Mesh,26.5,
c37b1879-75b5-45f8-bd70-271e3e3627cb,ATX Mid Tower,2,White,Tempered Glass,66.2,
333e8079-1d18-48d8-a6f8-97c9eef5d11c,Mini ITX Tower,1,Black,,17.2,
871775e6-f961-4068-9bb6-1ddb57073e9d,Mini ITX Desktop,0,Black,,,200.0
2bc3bbf5-c9d6-4556-ad5b-a416ed1dc099,ATX Mid Tower,2,Black,Tempered Glass,,
e9e6ec78-2b75-4fd6-8709-b69d3370f59c,ATX Mid Tower,3,White,Tempered Glass,35.7,
ba716069-42ce-4184-a6a8-abb8286efa71,Mini ITX Desktop,2,Black,Mesh,14.9,
fb9b51e6-6612-4905-bcdd-4cae96ce41ca,Mini ITX Tower,2,Gold,Tempered Glass,,
e081e10c-1577-482f-80fe-b1ffd66a5018,ATX Mid Tower,2,Black / Orange,Tempered Glass,172.8,
0e5f7a1f-8644-4850-b9bb-841a5fb42930,MicroATX Mid Tower,2,Black,Tempered Glass,,
32af63eb-dca8-451c-b3d9-64400106dce6,ATX Mid Tower,2,Black,,50.6,
ff413d16-76ac-4001-9e71-cafe0139d402,ATX Full Tower,6,Black / White,Acrylic,,
537baeee-8131-4da4-b55e-c8f4be992092,MicroATX Mini Tower,2,White / Black,Tempered Glass,30.1,
3529c0b3-b01d-4631-b830-38985cee7513,ATX Mid Tower,2,Black,Tempered Glass,,
35615e74-fde3-43a4-8d37-d3004ff5e587,ATX Mid Tower,3,Black,Tempered Glass,129.9,
25df3cfe-6946-44f0-97e8-e6854a0d5486,MicroATX Mid Tower,4,White,,,
d9fded6f-87f8-416b-a3c0-3e11a93edbad,ATX Mid Tower,2,Pink / Black,Tempered Glass,42.0,
5319384c-3b29-4262-ac90-1c74c78eb219,Mini ITX Tower,1,Gray,Tempered Glass,22.8,
fcc0c1ad-a30b-45bb-9cf5-c30981e8012f,ATX Mid Tower,2,Black,Tempered Glass,66.2,
3c3c4192-fba0-4f4a-900f-2d648157fa8d,MicroATX Mini Tower,2,White,Tempered Glass,32.5,
fd4eb206-1a4c-4a33-8e16-c321ab6f8ad9,ATX Full Tower,7,Black / Silver,Tempered Glass,100.9,
73557294-e5a2-4de2-b6e0-4d0a8aa32ced,ATX Mid Tower,4,White,Tempered Glass,52.8,
73d57551-b9f7-43a2-a28e-7e1b72ffbb85,ATX Mid Tower,4,Silver,Tinted Tempered Glass,64.9,
eead7cd8-6ff5-4af7-b266-f84f18e4dc01,ATX Mid Tower,2,Black,Tempered Glass,,
9bba5659-b664-4481-823e-aa80a6e6a3d8,MicroATX Mid Tower,3,Black,Acrylic,,
40341d22-e6cf-47e7-8b47-75d0efd795ea,ATX Mid Tower,2,Black,Tempered Glass,29.9,
3face0e1-2234-4dc2-a139-c8dac5695d1e,Mini ITX Tower,0,Black,Mesh,19.9,
719f7b0b-9444-4e20-ac74-d5548b6fa2dc,ATX Mid Tower,3,Black,Tempered Glass,31.6,
6859d020-4b36-4706-8b0f-107e1fab3c83,ATX Mid Tower,2,Black,Tempered Glass,39.5,
aae0530a-80d0-4dde-8585-f129ecb0f47a,ATX Mid Tower,2,Black / Red,Acrylic,,
4de8e990-991f-49e1-8300-f3d105ecdb64,ATX Mid Tower,3,Black,Tempered Glass,,
1da8a05a-aa38-42df-8070-264e715575ae,ATX Mid Tower,2,Black,,44.6,
e67ab1bd-f54e-4b1e-b0ca-a04a25c20b9e,MicroATX Mini Tower,1,Black / Silver,,12.3,300.0
88ec3d35-840c-4733-a3a2-1e3daac8d4a5,MicroATX Mini Tower,3,Black,Tempered Glass,51.6,
a4f34870-deea-416a-ba74-5a7cd4b71be1,ATX Mid Tower,2,White,Tempered Glass,65.5,
f87d5c64-adc3-47b4-aa43-acafc18de76c,ATX Mid Tower,2,Black,Tempered Glass,114.3,
60c70f8d-bd70-44ca-8cb2-920dbc8933a9,ATX Mid Tower,8,Black,,45.0,
e982d97a-d780-4ee9-ae01-d899e7cd4a99,MicroATX Mid Tower,2,White,Tempered Glass,,
e5de1462-e547-4a6e-b5aa-fdc1dd04b452,ATX Mid Tower,6,Black,Tempered Glass,,
8a8e1fa5-2381-475d-a360-90b76f436a67,MicroATX Mini Tower,2,Black,Tempered Glass,,
e6e923e6-1920-4f92-9e22-5e0d8c0aaee4,ATX Mid Tower,1,Black,Tempered Glass,36.9,
2cc84e8b-e8a9-4f5f-869f-3ce91b4352e5,ATX Mid Tower,2,Blue / Red,Tempered Glass,41.3,
10bf0c07-a282-4b39-8399-badfd4ee703e,ATX Full Tower,6,White,Acrylic,,
d46c151f-a0ac-4af9-99cf-238243c20929,ATX Mid Tower,6,Black,Tempered Glass,115.4,
0b8f029d-303a-48aa-a3f8-3c2f985b4115,ATX Mid Tower,3,Black,Acrylic,,
1596663d-2036-4916-95fb-3a38fb1f33d9,ATX Mid Tower,2,Black,Tempered Glass,,
68752711-a743-45dd-80ea-d2a8f823dc14,MicroATX Mini Tower,3,White,Tempered Glass,51.6,
0d8eb0ce-c990-4420-9e5d-73503e0040fc,Mini ITX Tower,0,Black,Mesh,13.0,
04f040cf-66f6-4ef4-8ff8-c0382907a773,ATX Mid Tower,3,Black,,,
dcc05cbf-bce1-480f-97c0-fa56537365bc,ATX Mid Tower,2,Gray / Black,Tempered Glass,42.3,
9e5b4c9c-a617-41f6-a5be-8b3a4afeaea4,ATX Mid Tower,2,Black,Acrylic,43.5,
3542fb8f-11c0-473c-9123-d30e977a4727,ATX Mid Tower,2,White,Tempered Glass,48.8,
119fd458-0cd8-4524-8ddd-8665c1d8b617,ATX Mid Tower,2,Black,Tempered Glass,42.0,
6420aaaa-b3b5-481c-ac11-7444a679b17f,ATX Mid Tower,2,White / Black,Tempered Glass,55.2,
e796a36c-afcf-4cd2-954e-e458f7189d39,ATX Full Tower,4,Black,Tempered Glass,84.4,
2466dd06-3cc3-4089-8545-07d9aff4198a,ATX Mid Tower,2,,Tempered Glass,36.6,
df5ea078-94d7-4c5f-bcaf-6e9a6da0d9eb,ATX Full Tower,4,Black,Tempered Glass,,
af9835f9-9203-49c8-873a-f5a3950da966,ATX Mid Tower,2,White / Black,Tempered Glass,40.0,
da7feee2-2477-42af-bad3-647deceb6bde,Mini ITX Desktop,2,Black,Acrylic,,
4662873a-1a54-4586-a4cc-ca1124ebae6a,ATX Mid Tower,2,Silver,Acrylic,27.7,
beffc6c7-8595-486a-9220-4020171cc936,ATX Mid Tower,2,Silver,Tempered Glass,37.4,
5325fa0b-c98b-4400-9cbf-91b63e91c9a5,ATX Mid Tower,3,Black,,51.0,
df746706-0529-401d-b96c-56909006bb36,ATX Full Tower,7,Black,Tempered Glass,110.7,
152149f3-0082-4cb7-a1b8-1a5b16d2b20a,ATX Mid Tower,2,White / Black,Tempered Glass,41.3,
7c2c0a3b-a17d-48e8-b31b-ee14eba644d8,ATX Mid Tower,3,Pink / Black,Tempered Glass,,
08b83f81-60a4-4e2f-a205-b37e0ab7999e,ATX Mid Tower,3,White / Black,Tempered Glass,,
e00f709d-f6c4-4b6f-b67d-cc4332d7fd87,HTPC,2,Black,,16.0,
f8b2f531-6f42-4b37-826f-e2fa4d7691a4,ATX Full Tower,7,White,Tempered Glass,110.7,
09bf0e71-93a9-4619-a2c9-23c4d8c93265,MicroATX Desktop,2,Black,,22.8,
4517874f-f175-4612-842d-35a696233fab,MicroATX Mini Tower,1,Black,Tempered Glass,21.9,
a338eb15-c2eb-46b1-b10c-16a9dec9c2eb,ATX Full Tower,5,Black,Tempered Glass,137.6,
cf1983ab-2df5-497b-a4d4-b309323fef62,HTPC,0,Black,Acrylic,,
0c863561-58c2-46b0-b848-b822ff4a8651,HTPC,1,Black,,13.9,
adcb3630-5d7a-4d5f-83ab-bd688a27251d,Mini ITX Desktop,0,Black,,,
525da49b-f6f2-4bfa-a7db-5208545bec67,MicroATX Mid Tower,2,Black,Tempered Glass,,
ab7b910f-a2ac-4730-bc49-09c35370245e,ATX Mid Tower,2,Pink / Silver,Tempered Glass,45.7,
1043eb01-f0e5-4010-a5ca-2a3725a83bc1,ATX Mid Tower,2,Black,Tempered Glass,,
db302fe3-1ab7-43e4-a660-f3b05f307847,Mini ITX Tower,1,,,9.6,250.0
f81b46fb-0d4e-47bc-b1a2-1e250302862a,ATX Mid Tower,2,Green,Tempered Glass,54.1,
cffb6523-fb86-4a25-a3a6-6ca86f0466e1,ATX Test Bench,4,Black,,,
86489c61-39b8-45e6-9caa-625f38927967,Mini ITX Desktop,0,Silver,,19.1,
377fcb34-a450-420f-88ec-fba1418cf7c6,MicroATX Mini Tower,1,Black,Tempered Glass,,
623a3e26-e70a-483c-b50f-a4962994678d,ATX Mid Tower,3,Black,Acrylic,63.5,
0d1d15ff-ade6-4f40-bfeb-fac84007b786,ATX Mid Tower,2,Black,Tempered Glass,,
06096a5c-38a7-4d80-a2fd-d32bc3bd0d52,ATX Mid Tower,3,Black / Orange,Tempered Glass,,
262635a6-bf88-478f-84b1-33fa64f39bc6,ATX Mid Tower,2,Black,Tempered Glass,37.5,
7378ce78-fbba-4612-94d5-0de6afbb1d37,MicroATX Mini Tower,3,White,Tempered Glass,51.6,
bb675aa1-d9e9-4299-81ba-db0eeb6909bf,ATX Mid Tower,2,Black / Silver,,,
146736c4-5120-435f-8632-433bbbd6ccaf,ATX Mid Tower,2,Gray / Black,Tempered Glass,,
5a2fd993-b32c-41f3-806b-c28c9d84da45,MicroATX Mid Tower,2,Black / Pink,Tempered Glass,34.4,
9ae04035-34bf-48b6-91fb-0e61c97c4a0a,ATX Mid Tower,2,White,Tempered Glass,58.8,
a96f9217-d3b6-4bab-a34e-222bd8a45ef1,ATX Mid Tower,3,Black,Tempered Glass,37.8,
aa10ed73-5ddc-4511-b15a-80d013e83e1e,ATX Mid Tower,6,White,,62.4,
84a6a49f-cf97-424b-8d82-5839428535ae,MicroATX Desktop,2,Black,,33.6,
d5d38bec-615b-4f69-95a4-dabd604db714,ATX Mid Tower,2,Black,Acrylic,50.4,
b09f3e08-70a5-435e-b717-ef1f51b9944d,Mini ITX Desktop,1,Black,Acrylic,,
74e565e0-7922-4c36-8fff-cd8318db479c,Mini ITX Desktop,0,Black,,17.5,
424bb595-ea9a-42e2-a292-c084b8865407,Mini ITX Desktop,0,White / Brown,,7.8,200.0
314ae410-a221-4dc9-b9d0-bf7bcb172a67,ATX Mid Tower,4,Black,Tempered Glass,52.8,
94700eac-66b8-45de-b77d-c4f5be31cc39,MicroATX Mid Tower,1,Black,Tempered Glass,25.7,
c8a6b19b-42ff-42a7-8508-37cdc7bdc9ca,ATX Mid Tower,3,Black,Tempered Glass,35.7,
baeb4317-e0c9-419d-bb64-0999b9ecb17a,ATX Mid Tower,4,Gray,Tinted Tempered Glass,64.9,
d5261c02-57bd-4423-bf75-67d89d9ab3ae,ATX Mid Tower,4,Black / Red,Acrylic,70.3,
7de4aff6-d04c-432b-863b-9ed4ab59fa36,MicroATX Mid Tower,2,White,Tempered Glass,38.7,
eadc9237-b955-4681-8ca5-33170e0bc042,HTPC,1,Black,,,
5696673c-defb-4e2f-9192-43308b1db6c2,HTPC,0,Black,,,
f2708062-2d30-4f79-b709-1b8c99aa048f,ATX Mid Tower,2,White / Black,Tempered Glass,42.0,
d0717643-17ce-4e4c-8a22-fc538564ff16,ATX Mid Tower,4,Black,Tempered Glass,53.8,
d52239a2-2223-472f-a10b-b59b851301ee,ATX Mid Tower,2,Black,Tempered Glass,42.9,
6216f523-983d-41ab-86ba-3bd8b4bb1b11,ATX Mid Tower,2,Black,Tinted Tempered Glass,42.5,
07bca887-d90d-41da-9b3f-36dc85a80675,ATX Mid Tower,3,Black / Blue,Acrylic,38.3,
25168236-3141-49a3-9d82-dcbb6723fe2b,ATX Mid Tower,2,Black,Tempered Glass,,
081b6194-45d7-4191-be12-da00a9b57cc6,ATX Mid Tower,2,Black,Tempered Glass,47.7,
9caa7f96-05b7-4205-98e9-4ecbe75d67a4,MicroATX Mid Tower,2,Black,Tempered Glass,,
1d64c1d3-46fb-42b9-9259-161bf71c3091,ATX Mid Tower,1,Black,Tempered Glass,36.0,
13c19e4c-c035-493e-8b08-334f043a13e7,ATX Mid Tower,2,Black,,38.6,
b31e6dd5-06c2-4abb-90ec-7f15c16fd8c2,ATX Test Bench,4,Black,,50.5,
ec6a8e28-da5c-4021-a1d2-9b528e8a36b1,MicroATX Mini Tower,4,Black,Tempered Glass,,
8bf5f4d1-98af-4034-825b-0d88841c9bf8,ATX Full Tower,4,White,Tempered Glass,84.4,
ea31625f-1b04-4296-b3c3-5f17207ec63d,Mini ITX Tower,1,White,,17.2,
a04a9001-4fec-43fc-9d50-ce4f945f8154,ATX Full Tower,3,Silver,Tempered Glass,56.0,
85bf3d71-f0d9-4d61-9cd2-5bd70e013685,Mini ITX Tower,1,White,,13.0,
a721632f-3a8c-48d1-a277-8ba5de7ef405,MicroATX Mini Tower,2,Black,,,
4d5ad8fa-39d3-4d5e-b449-f0e6aed8d24d,ATX Mid Tower,2,Black,Tempered Glass,43.8,
5cc7a6f3-3f14-4df6-928b-7d4770cf5770,MicroATX Mid Tower,2,Pink / Black,Tempered Glass,,
0522967d-c9f3-43ef-a909-439069bc291f,ATX Mid Tower,2,Black,Tempered Glass,39.7,
88dd4a6f-5897-4719-9404-43a1f378d668,HTPC,5,Black,,33.4,
0afda6d7-cf54-41c3-990e-cb1d4943d5dc,Mini ITX Tower,0,Silver / Black,Tempered Glass,,
a22f1426-3ca2-40c1-b065-ddf368f4f22c,ATX Mid Tower,3,Pink,Tempered Glass,35.7,
2d2937e7-ac85-4624-baa0-a63822dd1628,ATX Mid Tower,1,Black,Tempered Glass,,
9a3212a6-8cfd-4f99-86b2-4c2abd4cce9f,ATX Mid Tower,2,Black,Tempered Glass,43.3,
e3f17d39-d1fe-4c1d-88a2-10f042ad1688,MicroATX Mini Tower,4,Black,,30.2,
c55ca330-4baf-49b8-b640-4948480beff2,ATX Mid Tower,2,Black,Acrylic,39.4,
17d68ea2-c3b8-4280-8d5b-d4c1b50830c0,ATX Mid Tower,2,Black / Blue,Tempered Glass,66.2,
46a8bf2b-e42c-48eb-a9aa-bbede9968621,ATX Mid Tower,2,White,Tempered Glass,,
b819dd6d-eeb2-4417-88d5-9199aa18f779,ATX Mid Tower,2,Black,Tempered Glass,43.1,
b8f16c67-9578-4685-9a6c-4c705c7d0802,ATX Mid Tower,2,Black,Tempered Glass,42.0,
878a73e1-c2fc-41f6-8aa9-fb0c718ddeed,ATX Mid Tower,2,Black,Tempered Glass,47.7,
15947b71-e8d2-4ed0-885d-a85ad0202aa3,ATX Mid Tower,2,White,,42.5,
00f1e800-7c53-4416-84a3-58aa3b896bcd,Mini ITX Tower,2,Black,Acrylic,13.4,
283196e3-bc74-4091-9612-dfa87b913bd7,ATX Mid Tower,2,Black,Tempered Glass,70.9,
e9264ae9-b649-454e-8f29-dd753dd558ea,Mini ITX Desktop,4,Black,,,
fc2e8d55-0390-42d7-9cf5-1122bda91446,ATX Mid Tower,6,Gray,Tempered Glass,62.4,
3bce9038-6b33-4d58-8900-bdcf309a550d,ATX Mid Tower,2,White,Tempered Glass,40.9,
ed08f380-5667-41fc-9d4f-ee75ca959230,Mini ITX Tower,1,Black,,11.5,
e1c4c408-4934-4ee9-8401-4a6aae378b69,MicroATX Mid Tower,1,Black,Tempered Glass,25.7,
44ffe78b-292f-4df5-9220-2261f3db02b5,ATX Mid Tower,2,Black,Tempered Glass,41.9,
7de29f51-2a3b-414c-a9fc-508d7ea2cad5,Mini ITX Desktop,3,Black,Mesh,13.0,
dd15bea4-2723-4ae9-a6e8-86ddf0b01332,ATX Mid Tower,2,Black,,51.1,
38871974-f270-444b-85dc-ccc6bcd58aae,Mini ITX Tower,0,Black,,14.1,350.0
c45c181f-699b-4bf2-8e58-6b6cbc5778ac,MicroATX Mini Tower,5,Black,,31.4,
9a5af539-5014-469f-b405-fd762520422b,ATX Mid Tower,2,Black,Tempered Glass,,
956148d0-ee2e-4853-a721-6c04f9a4900e,MicroATX Mini Tower,1,Black,,,
ff95dc85-1708-4d8b-9c62-06c09a881f61,ATX Mid Tower,2,Black,Tempered Glass,55.2,
28825d5a-c596-4ec7-bcd5-e49bb09ab506,MicroATX Mini Tower,3,Black,Tempered Glass,,
7d455c27-67fa-4e56-b994-c83c2559690e,MicroATX Mini Tower,1,Black,Tempered Glass,40.9,
b778433a-7037-4616-8e45-680249c89ba3,ATX Mid Tower,6,Black / White,Tempered Glass,56.7,
b8efbfe1-5fd5-4de5-92dc-ef1940a9dadc,ATX Mid Tower,2,White,Tempered Glass,,
9c51989e-2557-44d7-92eb-7fa9fd9e0c65,ATX Mid Tower,3,Black / Silver,Tempered Glass,,
d82a1e82-e819-469e-9a12-e63a7e655cfb,ATX Mid Tower,2,Black,Tempered Glass,39.8,
6f65968d-331b-42ab-bffb-9cfeadaf6fe8,ATX Mid Tower,2,Black,Tempered Glass,57.0,
68359dfe-6b8d-43f6-8755-74c503437e63,ATX Mid Tower,2,Black,Tempered Glass,,
866ae8d8-ae2f-49ac-866d-659078956d73,Mini ITX Tower,1,Black,,10.0,
82d14daf-573e-4c4d-a1eb-e69c8e456125,ATX Mid Tower,3,Black,Tempered Glass,64.0,
287449f3-5cdc-420d-a245-bb3a55efdd01,Mini ITX Tower,0,Black / Gold,Mesh,23.6,
01bf30cf-2386-4a54-8839-d559a33e8053,ATX Mid Tower,3,Black,Tempered Glass,43.1,
3547e2a8-c734-4245-bfbc-d4a900e6a58d,Mini ITX Tower,3,Black,Mesh,24.9,
8c819986-28a0-43c5-a5c8-c59f08613676,MicroATX Mini Tower,4,Black,,30.2,
1a58b703-45b0-4daa-b1c5-807d91f1bc5f,ATX Mid Tower,2,Black,Tempered Glass,67.8,
2c754212-4e2e-4034-8790-48cf3c5d061f,Mini ITX Desktop,1,Black,,,
77237bbf-8abe-4a36-a5bd-febaba43f983,ATX Mid Tower,2,Black,Tempered Glass,50.7,
1e219441-bb53-4f01-94c4-4b51c60d42c3,ATX Mid Tower,2,Black,Tempered Glass,39.8,
097f7471-1a64-4180-9d3f-e75db793f46b,Mini ITX Desktop,3,Silver,,,
5111ba1e-c3c0-4047-b2b9-0d83960b5999,MicroATX Mini Tower,3,Black,Tempered Glass,51.6,
a2de7ec0-0981-43ec-94fc-62f13d8fb890,ATX Mid Tower,3,Black / Orange,,,
19da1724-3976-4106-a2cd-c4e938357651,HTPC,4,Black,,22.4,
a821d278-212d-4fa1-90da-8e77bc46d738,ATX Mid Tower,6,Black,Tempered Glass,115.4,
4b0956be-6ac3-4e7c-8700-263dd99578a3,MicroATX Mini Tower,1,Black,,25.3,
55bea69d-d356-4fcc-ac4b-c32b5be3cdfc,ATX Mid Tower,2,Black,Tempered Glass,70.9,
0bf898ec-e0c8-475f-9bd0-45784871da4a,ATX Mid Tower,3,Black,,42.6,
d3988fa0-418f-49c1-b3b0-18ddc2a84ec8,ATX Mid Tower,2,White,Tempered Glass,40.0,
c12b42d8-be93-442e-b908-7225eb5e1cd3,ATX Mid Tower,2,Black,Tempered Glass,50.5,
0f15b2f1-3731-4fc3-9f2b-858b7fbe0ec8,MicroATX Mini Tower,2,Black,,35.4,
9c9fd71f-da38-465b-969d-1fca7909fa34,ATX Mid Tower,2,Black,Tempered Glass,50.0,
15b8381e-5033-47de-ac36-f69d29c6da45,ATX Full Tower,10,Black,Tempered Glass,90.8,
6e7ef693-d481-4ed1-8ad7-ff499e89899c,ATX Full Tower,4,Black / Red,Tempered Glass,,
bbf12767-ad3a-4446-bf17-068e567af182,Mini ITX Desktop,1,White,,10.7,300.0
e8f52c90-060e-494d-bc06-c821f35d26c0,ATX Mid Tower,2,White,Tinted Tempered Glass,,
312aec86-f29b-4d06-be36-ae2b1578d587,ATX Mid Tower,3,Pink,Tempered Glass,37.8,
6d35fd84-3572-40d5-b00e-8eeded98b6be,Mini ITX Tower,3,White,Mesh,24.9,
97127a7e-55a0-4344-801c-3b0405c93ef7,ATX Mid Tower,4,Black / Yellow,Tinted Tempered Glass,43.5,
9f927811-13a2-4501-8608-63693173db00,ATX Mid Tower,2,Black,Tempered Glass,48.2,
ca1b2432-bbde-4792-9453-aebd7d7582ac,ATX Mid Tower,2,Black,Tempered Glass,43.1,
0b874899-d2f2-4325-8c62-4c6a2071ccdb,ATX Mid Tower,2,Black,Tempered Glass,,
d60ecefd-249b-4b02-9bdf-75657d23525d,ATX Mid Tower,2,Black,Tempered Glass,56.8,
2dfa1873-622b-4dc1-80ae-b7465121a4fd,ATX Mid Tower,3,Black / Orange,Acrylic,,
ffefcdfd-d088-44e9-a910-3cefa57f5c09,ATX Mid Tower,6,Black / Orange,Tinted Tempered Glass,57.5,
ec2c7c7e-d436-4368-a5aa-528cec2b3c4b,ATX Mid Tower,2,White,Tempered Glass,70.9,
1e2fc7ce-a3c1-4ac3-8229-52ae6212aa5c,MicroATX Mini Tower,2,Black,Tempered Glass,35.7,
83652597-62c6-4ffb-81b2-c8f7f099f1fd,MicroATX Mini Tower,2,Black,,29.6,
f1829d96-40e8-45bf-8587-b629828e16ad,ATX Mid Tower,3,Black,Tempered Glass,,
e4d8e170-b05f-40c3-a2c0-31cefce4aff0,Mini ITX Desktop,0,Silver,,17.5,
aec8f4a8-4134-4d14-a7ba-b2ba095ae435,ATX Mid Tower,6,Black / Silver,Tinted Tempered Glass,57.5,
6ec66bbc-a9a2-40d6-87d0-5c908523d8bf,ATX Mid Tower,3,Black,Tinted Tempered Glass,,
78eb00ee-c19d-4133-8fbb-b5835efc0979,ATX Mid Tower,3,Black,Tinted Tempered Glass,,
b101a779-6bbe-4302-b910-ac611ec2439f,ATX Mid Tower,1,Black,Tempered Glass,,
a4c9f7db-9901-466f-a416-3353320d1a48,Mini ITX Tower,2,Silver,Acrylic,13.4,
7a359623-9967-4539-8387-4074b0c77af5,ATX Mid Tower,2,Black / Orange,Tempered Glass,66.2,
cb95a4ea-d3f4-4da2-9063-4da98b83058d,ATX Mid Tower,3,Black,Tempered Glass,54.0,
e4abfb4a-a59a-430a-8f80-515d606c7ab6,Mini ITX Desktop,0,Black,,,
70045c40-35e2-405a-b4a2-2ed713a9dfc6,ATX Mid Tower,1,White,Tempered Glass,36.0,
bf4968f9-4955-474c-9ace-7b5543781163,HTPC,0,Black,,,
39f6da7a-dfe8-44b3-994b-f2952d5e8537,ATX Mid Tower,2,White / Black,Tempered Glass,47.7,
5d4c7562-9557-4f69-b866-6f0beead563b,ATX Mid Tower,4,Black,Tempered Glass,34.5,
0d482326-8421-495a-b7b8-6c249166217e,ATX Mid Tower,2,Black,Tempered Glass,45.7,
a1c157c1-f5a6-4176-aeee-23ca657a0547,MicroATX Mini Tower,3,Black / Red,Tempered Glass,,
17c88a18-6b33-4d53-863a-9020feabf2e2,ATX Mid Tower,2,Black,Tempered Glass,49.1,
3e36091b-77ad-4cd6-a094-049b3a4a6e4e,ATX Mid Tower,2,Black,Tempered Glass,40.0,
fc88a8fa-7c3c-48c9-958f-37ff7e9ae11d,ATX Mid Tower,9,Black,,51.0,
bdad45a4-2e9b-48ac-8784-d74de06d8fd5,ATX Mid Tower,2,Black,Tempered Glass,50.0,
e4937e2a-8703-41b1-9a80-f2704921b8d8,ATX Mid Tower,1,Black,Tempered Glass,,
0218cec8-deff-43c2-9465-f8d7ea259026,MicroATX Mini Tower,2,White / Black,Tempered Glass,35.3,
341f88d7-dc30-4e30-88d5-b9e3d9ef80b4,ATX Mid Tower,3,White,Tempered Glass,35.7,
e156de97-0dfa-401a-a52e-e4d9c2c3e92d,MicroATX Mid Tower,2,Green / Black,Tempered Glass,,
6033415f-2cd2-43b2-b6e9-3ed9bd777122,ATX Mid Tower,2,Black,Tempered Glass,56.8,
bbdea152-f785-4681-8467-66745900abab,ATX Mid Tower,2,White,Tempered Glass,57.0,
3bb9714f-05a1-4dc0-a2f1-89756581dfc8,ATX Mid Tower,2,White,Tempered Glass,56.8,
62cdcfa6-5e45-4fa0-bbff-d5eb89de62cd,ATX Mid Tower,6,Silver,Tempered Glass,55.7,
6fa29cee-ef4a-43e8-829e-47c85513cc4d,ATX Mid Tower,2,Black,Tempered Glass,,
8697c03f-8e51-47cc-8fe5-d56962858610,ATX Mid Tower,3,Silver,Tempered Glass,95.3,
4671b4f4-7e62-41f8-bbf0-7938d0c7efa9,MicroATX Mini Tower,3,Blue,Acrylic,,
facb50ca-748c-45fe-97e1-7accc0a2b1b1,ATX Mid Tower,3,Black,Tempered Glass,,
4d465931-1819-4c35-b357-e0656e3a0679,Mini ITX Desktop,0,White,,,
45196dbd-bf9d-4155-a379-94ff4921c89e,MicroATX Mid Tower,2,Turquoise / Black,Tempered Glass,,
6ae93cfa-8b07-41d2-8aff-9c4d31d06b23,ATX Mid Tower,3,Black,Tempered Glass,,
16bb1825-9f77-4efb-99a3-aca1fc3bd929,ATX Mid Tower,1,Silver / Black,Mesh,140.5,
dd260889-5f63-4b60-a821-60f20b3d3365,ATX Mid Tower,2,Black,Tempered Glass,58.8,
2a939aea-341c-4e59-a7c2-a54a89d97d29,ATX Mid Tower,2,Black,Tempered Glass,56.8,
8db96ba5-877b-4d04-aec6-1c87861a9e7c,MicroATX Mini Tower,1,,,12.9,
35cff813-dda3-4357-b045-518f7ce5472f,Mini ITX Tower,1,Black,Tempered Glass,24.4,
1271e062-e6d0-4cc3-a7b9-6ffb446f30f6,ATX Mid Tower,3,Black,Acrylic,44.7,
7d33419f-d9b7-4016-b389-328598bd369e,MicroATX Mini Tower,0,Black,Tempered Glass,50.5,
88203631-e498-4f0c-b384-42ab0251ad73,Mini ITX Desktop,2,Red,Tempered Glass,22.3,
4210df16-088d-44af-9e29-b867a14eb9f9,ATX Mid Tower,2,Silver / Black,Tempered Glass,45.7,
d52abae3-cbf9-4738-8099-41404f615b64,Mini ITX Tower,0,Black / Gray,Mesh,23.6,
f0281f12-0032-4d92-b6c7-f032538daad5,MicroATX Mid Tower,2,Black,Acrylic,,
6f6fb06e-8b67-476d-ab20-08109d8c55f6,ATX Mid Tower,6,Black / White,Tinted Tempered Glass,57.5,
9008c290-6d8a-45b8-a66f-6d8fdc94a397,ATX Mid Tower,3,Black / Red,Tempered Glass,49.3,
5c49157e-8e68-4e37-9071-76d96a36c3d3,Mini ITX Tower,1,Black,Tempered Glass,26.0,
72fa8e57-cd1c-48bf-8003-4071e75dfc5a,Mini ITX Tower,2,Blue,Acrylic,13.4,
66f38b2b-a344-4b01-a734-ba3e14fc29ee,MicroATX Mini Tower,3,Black / Blue,,,
7bd85114-9338-4495-9b24-c0ae803efe91,MicroATX Mini Tower,1,Black / Silver,,24.2,350.0
2d7385fe-254d-49e7-b7e5-164ae9b36e6b,ATX Mid Tower,3,Black / Silver,,,
d4020eec-0c41-4344-91e1-52cb2b477190,Mini ITX Desktop,2,Silver,Tempered Glass,22.3,
720be829-4832-4d35-812a-b0aa494501e4,ATX Mid Tower,2,Black,Tempered Glass,,
66c846b4-50bb-477d-9867-ea488ba30a10,ATX Mid Tower,2,White,Tempered Glass,,
5712e66f-aee3-44f4-827b-ac7040f3298d,ATX Mid Tower,2,Black,Tempered Glass,45.5,
8c5e1d4f-268c-444f-8d68-ff9e547133fe,ATX Mid Tower,2,Black,Tempered Glass,37.6,
cdba0182-1b5f-4b7d-96a4-6ce67c5f9775,ATX Mid Tower,2,Black / Green,Tempered Glass,66.2,
044c8972-bbbf-4f77-80a4-fbd3b89b04b9,Mini ITX Desktop,0,Black,,10.6,
dd7de30e-d3c1-4327-9760-dd9bf859bdd1,MicroATX Mini Tower,1,Black,,14.4,300.0
5b19eeb2-c83e-4b08-b9b9-bc6f36e2d6a8,Mini ITX Desktop,1,Silver,,,
3dba551a-8e50-496d-b2e4-85415ba92131,HTPC,1,Black / Clear,Acrylic,,
afb627a2-4155-474a-a084-cdd050ae0a2b,ATX Full Tower,5,Black,Tempered Glass,61.8,
3cba3e93-494c-422a-8873-dcf68c3b7969,MicroATX Mid Tower,3,Black,Tempered Glass,,
0d16d5fc-96b1-42bb-b36b-3bc653a0fd70,Mini ITX Tower,0,Silver / Black,Tempered Glass,17.6,
5fa45592-26d2-46d3-b044-657728d884e3,ATX Mid Tower,4,Black / Yellow,Tinted Tempered Glass,43.5,
0540a633-1d41-4499-ba25-e76506cc54a0,ATX Mid Tower,3,Black,Acrylic,,
a3d7bd08-15dd-4f0c-b2f6-ddcf8c912e62,Mini ITX Tower,0,Black,,,
40a1c962-0210-4117-8801-16f170c16ce7,Mini ITX Tower,2,Silver,,,
e8d848d6-0155-4275-81ad-bcf9c61b6a76,ATX Mid Tower,2,Black,Acrylic,,
68965ce9-cb01-4246-a0b2-77384d06f564,ATX Mid Tower,2,Pink,Tempered Glass,,
2b6b33d0-d6ef-4006-9f7f-07042f60d75b,HTPC,2,Black,Mesh,16.0,
a5056d80-248a-49d5-94a0-f82bf7a5c6e3,ATX Full Tower,3,Black,Tempered Glass,56.0,
e40215ad-2135-4d90-bfe8-162b898a8dfb,Mini ITX Desktop,2,Black,,22.3,
d9dce605-2bf5-444b-bb0a-ed19becd4c36,Mini ITX Tower,1,,Tinted Tempered Glass,25.2,
618e584b-7f90-410c-aa32-664222e3507e,HTPC,2,Black,,27.4,
51cb82fd-7cbc-45a9-8007-20d3cf1494ee,Mini ITX Tower,2,Red,Acrylic,13.4,
5b167282-4ec2-4c8e-a25f-4ce9ed01bbf2,ATX Mid Tower,6,Black,Tinted Tempered Glass,57.5,
eff5f80b-716f-4fb1-97dc-57d8393972a2,ATX Mid Tower,6,Silver / Black,Tempered Glass,,
4bc8b35a-94c0-4e0c-bd60-ac9318437e3b,Mini ITX Desktop,2,Black,Tempered Glass,22.3,
c08b9d07-f95f-440a-a59c-7eae340a8c06,HTPC,1,Black / Silver,,12.4,120.0
dfcc792a-7b8f-47be-bd64-b4144a779ad1,Mini ITX Tower,0,Black / Silver,,,
fbeadc41-f7a0-43d9-8e27-a458458fab53,Mini ITX Tower,1,,,10.5,250.0
fa9be6d6-57b2-4cf1-a736-4bdef788d213,ATX Mid Tower,2,Black,Acrylic,27.7,
18d48a74-fa4f-4f14-9c0c-d117d7ef2a32,MicroATX Mini Tower,3,Red,Acrylic,,
ef0b8bf6-07dc-4496-9172-a8a1471b5f2f,MicroATX Mini Tower,3,Black,,,
28e0380e-a327-4546-b1f2-4b6ab9d5c53d,ATX Mid Tower,2,Black,Tempered Glass,48.2,
1f306987-1a1b-4c83-be17-95a7bc315167,Mini ITX Tower,0,Silver,Mesh,13.0,
a216b128-2e40-4a39-805b-75d89b2ca557,ATX Mid Tower,6,Black,,55.7,
eda80690-3cdc-472e-8d80-e4809c305460,MicroATX Mini Tower,2,Black,Tempered Glass,38.8,
597a0241-ac00-4328-b3ad-73715c13d1bd,ATX Mid Tower,2,Silver / Black,Tempered Glass,56.8,
66418581-05f5-4d17-860f-ab80d1da4fa4,Mini ITX Tower,2,White,Acrylic,13.4,
d4aefef6-0cf3-49cc-b5a3-e1791d066935,ATX Mid Tower,3,White / Black,Tempered Glass,,
458229d5-a9fd-4919-af38-1854246ca74e,MicroATX Mini Tower,2,Black,Tempered Glass,36.7,
ebe7737d-fb72-436c-a842-e22585b7470c,MicroATX Mini Tower,3,Silver,Acrylic,,
82b10313-2c9d-42b4-9398-9dcf983e90d9,MicroATX Mini Tower,3,Silver,,,
bb228a06-18e2-4154-a3a9-6a977e929c87,ATX Mid Tower,2,White,Tempered Glass,70.9,
14cb1595-2537-406b-aa45-e51142acac44,ATX Mid Tower,6,Black / Blue,Tinted Tempered Glass,57.5,
8cd74ac1-753a-4043-9534-1306b971c5c2,Mini ITX Tower,1,Black,Tempered Glass,25.2,
9a6a9fa5-ec57-445b-91d0-431b611fd9ab,Mini ITX Tower,0,Black,Mesh,20.4,
275e262c-3427-45e7-bafe-b16b137e9f59,ATX Mid Tower,3,,Tempered Glass,49.3,
c35d2fa7-a110-4396-b8e1-8f0c58e4c298,ATX Mid Tower,2,White,Tempered Glass,48.2,
5b713ee7-a250-4c1d-9c41-147b320dee01,ATX Mid Tower,2,White,Tempered Glass,56.8,
163f13a3-a95b-470b-84ca-7f370fea1ccc,ATX Mid Tower,2,Black,Acrylic,63.8,
812cfaa6-d940-4341-aa49-07f2a763ddb5,MicroATX Mid Tower,3,Black,,,
3a472b26-aca4-4dda-af89-54a13d11a8ce,ATX Mid Tower,2,Black,,27.7,
96953a27-88fb-4d9e-a8ce-f5e7135c1f25,ATX Mid Tower,1,Silver / Black,Tinted Tempered Glass,,
53d62bb6-cfbe-4af4-895d-bf744996edfd,ATX Mid Tower,2,White / Black,Tempered Glass,47.7,
9d777e98-abf8-4a9f-bf1c-a2fc09b58cef,MicroATX Mid Tower,4,Black,,30.6,
98326f93-aeac-4e0f-b43a-abf880ae7fa5,ATX Mid Tower,3,Black / Silver,,,
4499f742-b9ec-40f9-9cc6-58f413f6b5d3,Mini ITX Desktop,2,Red,,22.3,
80f789ad-3385-4351-b19a-e0581934f0ce,Mini ITX Tower,2,Gold,Acrylic,13.4,
6952af42-0850-4d9b-b3eb-33c1cefc26b9,ATX Mid Tower,3,Black,Tempered Glass,,
4b3df8f0-ae54-4deb-bd49-1cfc672a8552,MicroATX Mini Tower,3,Black,Acrylic,,
b07ecd9b-d1bf-4228-a587-5a2563e53c01,ATX Mid Tower,3,Black,Acrylic,42.6,
eb859ec0-377d-475c-8789-ce8a4dff7aed,ATX Mid Tower,3,Black,Tempered Glass,,
a5a2efc9-658c-4f9e-a49e-a9dd49a5b876,ATX Mid Tower,2,Silver,,27.7,
a19dec48-d3a8-405d-91b2-c75d999f70a6,Mini ITX Tower,0,Silver,,,
ea43dd9a-5efe-4b9d-b8d6-fcf172ae7793,ATX Mid Tower,2,White / Black,Acrylic,63.8,
a96c4cba-33d0-45d8-863c-9bf70ba047eb,ATX Mid Tower,3,White / Black,Tempered Glass,,
fe4e41b9-50d5-49ec-bb9e-690c53e61c55,MicroATX Mini Tower,2,Black,,24.7,
7b373927-c4f4-4b40-8d8e-089a6fa1a794,Mini ITX Tower,1,Black,,10.5,250.0
428fcbc4-533c-4726-a181-2f3e720b96d1,ATX Mid Tower,2,Black,,63.8,
