PartID,Cores,BoostClock,CoreClock,Graphics,SMT,TDP,Socket,ChipsetID
a365c149-ec0c-4d33-8f64-1a8e8f539858,6,4.6,3.7,,True,65,AM4,195
1bcce0cc-7f02-457b-8668-615048174d6d,8,5.0,4.2,Radeon,True,120,,196
cb6ce176-c007-4938-b0b6-b9bdd1474dda,16,5.4,3.4,Intel UHD Graphics 770,True,125,,197
ff056c23-69ee-4ab9-9b13-6af3fc6bf9e3,8,4.7,3.8,,True,105,AM4,198
06f82ad8-ec4b-4ff1-ac56-4a25bdd6ebcd,6,5.3,4.7,Radeon,True,105,,199
8366a574-69c6-4419-af03-a2a7567c5e6c,24,5.8,3.0,Intel UHD Graphics 770,True,125,,200
d8ddc3bf-a609-4556-9cdb-e0e901f01ac3,6,4.4,3.5,,True,65,AM4,201
06e0cc35-088b-42e8-bc7b-6c65ce6eceb3,6,4.4,2.5,,True,65,FCLGA1700,202
a0ff9e6e-6eb6-4e5a-8f21-e4ea3ad1f1d3,10,4.9,3.7,Intel UHD Graphics 770,True,125,FCLGA1700,203
92d943ad-46d8-4b10-ab5f-b0ce2a07227d,8,5.4,4.5,Radeon,True,105,,204
8c5be2d3-001c-420e-b877-0d4d2f840223,6,5.1,3.8,Radeon,True,65,,205
ad367f13-2195-44f6-9c45-2987ee065f49,6,4.2,3.6,,True,65,AM4,206
9985a3a4-5673-4aa2-b202-e6db68e0781c,14,5.1,3.5,Intel UHD Graphics 770,True,125,,207
f1b0a69b-b7c8-499a-9fc2-13176c60caeb,6,4.2,3.6,,True,65,AM4,208
e4a61f17-34da-44ee-8883-413a6d75a41f,8,4.5,3.4,,True,105,AM4,209
6f86e2fe-48d3-4f88-a05b-6a46f512d5c1,12,5.0,3.6,Intel UHD Graphics 770,True,125,FCLGA1700,210
e911a8f1-f998-4938-9a2c-2cf9d19e2aaa,8,4.6,3.4,,True,65,AM4,211
d57bc3d7-3874-4d78-a517-b563bd54667c,6,4.4,3.9,Radeon Vega 7,True,65,AM4,212
142eeafe-f78e-46a0-8c81-7fcc8de5869f,16,5.7,4.2,Radeon,True,120,,213
32e11dbe-a225-448f-9d92-a047b72b73d3,14,5.1,3.5,,True,125,,214
74171ad9-3ea6-497b-aab6-61b07259f64e,4,4.3,3.3,,True,58,FCLGA1700,215
58b235dc-c4c5-44f7-85a1-82b75a37be52,12,5.6,4.7,Radeon,True,170,,216
0a99f73f-7645-4422-b9b7-161ef04b3230,10,4.6,2.5,,True,65,,217
b6db130b-4b90-40d9-a1cd-e90275aef01a,12,4.8,3.7,,True,105,AM4,218
0b149c00-3b0e-4c39-95cd-d60f9d8c6825,16,5.2,3.2,Intel UHD Graphics 770,True,125,FCLGA1700,219
e63d1c27-e12e-4eb8-8bf6-9cf76fc9b8d2,24,6.0,3.0,Intel UHD Graphics 770,True,150,,220
1cae8a5f-cfe4-4f20-b0e5-e754c6b86471,8,4.6,3.8,Radeon Vega 8,True,65,AM4,221
9ce92526-03ae-4ac1-8b51-b65979ce6c94,16,5.7,4.5,Radeon,True,170,,222
99dba885-1ba6-4755-9c64-f0b5acc17e4a,16,5.4,3.4,,True,125,,223
024e15e3-d725-4678-a650-70c2620a23fb,6,4.1,3.6,,True,65,AM4,224
fddba8ba-2318-4cdf-a147-4fb451bb9826,8,4.4,3.6,,True,65,AM4,225
379b7052-9c10-47c2-9b0b-966a7b0e4101,8,5.3,3.6,Radeon,True,65,,226
037b385c-a67e-42a9-8f83-c1af38e8fcdb,12,5.0,3.6,,True,125,FCLGA1700,227
2454c723-04a3-4c75-9537-42d604fc3903,10,4.9,3.7,,True,125,FCLGA1700,228
d175628e-79b5-471b-9d54-2e753a3b88a4,14,4.8,2.5,Intel UHD Graphics 770,True,65,,229
e3a58245-19fc-431c-897f-a7076dc6c98a,24,5.8,3.0,,True,125,,230
b6905d9f-512f-43a9-9087-8b8276a26d4e,6,4.3,2.9,,True,65,FCLGA1200,231
100683bd-1f19-4e07-a3ee-351b877681cd,16,4.9,3.4,,True,105,AM4,232
db97f296-4347-48e3-af4d-b8119b8441c8,4,4.5,3.4,,True,58,,233
6399b4bd-0296-4f24-8ce1-80a72153015e,6,4.2,3.7,Radeon Vega 7,True,65,AM4,234
370ed01b-32fe-4ceb-9267-fa1df7eb20ca,12,5.6,4.4,Radeon,True,120,,235
9ee14310-a621-489e-bd5e-a3467a5e76aa,4,4.0,3.8,,True,65,,236
366be7c3-a535-4d97-89c7-637caf530e8a,4,4.3,3.6,,True,65,FCLGA1200,237
90fa0634-ecce-4489-b835-5d50c9d31518,8,4.9,3.6,Intel UHD Graphics 630,False,95,FCLGA1151,238
c0ef8661-1bb2-47c6-8f0c-36284fba79c2,10,4.6,2.5,Intel UHD Graphics 730,True,65,,239
6379c179-7059-4e23-9f9e-f45e0cb4baf2,6,4.4,2.5,Intel UHD Graphics 730,True,65,LGA 1700,240
b94d36d3-d9f9-4b3a-9520-186a830dbfb1,6,3.9,3.4,,True,65,AM4,241
f805ac2a-b897-404b-bf94-f9a1770ecc32,6,4.7,3.7,Intel UHD Graphics 630,True,95,FCLGA1151,242
e04a7025-f841-4fbc-a4f3-bbef5d27fea9,6,4.4,2.6,,True,65,FCLGA1200,243
c58a2b5c-f475-47ff-b28a-8bd75bf91285,16,5.2,2.1,,True,65,,244
3ef6a866-0194-43a7-821b-b3bc8ba96b7e,12,5.4,3.6,Radeon,True,65,,245
25cf721a-690a-4ab6-bd27-406741432639,6,4.4,3.8,,True,95,AM4,246
38a3368a-6d35-4e76-a773-0afd48291346,12,4.6,3.8,,True,105,AM4,247
edcc8215-1104-43f7-b68c-2ef74f1af4cb,8,5.0,3.6,Intel UHD Graphics 630,True,95,FCLGA1151,248
e687a52e-e347-4154-8105-30a5e4810bc7,8,5.1,3.8,Intel UHD Graphics 630,True,125,FCLGA1200,249
54883150-b632-4d99-8ca9-f781f3e56045,8,4.3,3.7,,True,105,AM4,250
230655fe-a0e1-410e-b283-75812d43fb9f,4,4.5,4.2,Intel HD Graphics 630,True,91,FCLGA1151,251
e30ef4aa-6f40-42ff-b43f-a024c13c884a,4,4.0,3.6,Radeon Vega 8,False,65,AM4,252
cd8af1d7-da63-4dbc-b9a4-de4b56e7f5d8,4,4.3,3.3,Intel UHD Graphics 730,True,60,LGA 1700,253
775762ea-0df3-40ee-8696-14e82db6ea81,6,4.1,2.9,,False,65,FCLGA1151,254
64ba95b6-a790-4731-b1f8-0fab10af9d30,8,5.0,3.6,Intel UHD Graphics 750,True,125,FCLGA1200,255
3c097c8b-de7d-493e-9c1a-8f5bac474b03,8,4.5,3.9,,True,105,AM4,256
9efc69e0-89c3-4e6b-ab92-439bf4799aff,4,4.2,4.0,Intel HD Graphics 530,True,91,FCLGA1151,257
a7ab476f-9888-4837-a26b-c0d4c26c85d6,12,4.9,2.1,,True,65,FCLGA1700,258
f42f5f12-04b3-448f-af3a-d4d94631b933,16,5.2,3.2,,True,125,FCLGA1700,259
d1523075-0506-4884-9340-27a10554143f,8,5.3,3.5,Intel UHD Graphics 750,True,125,FCLGA1200,260
042820ed-1cbe-4a22-854c-6f0226e13a00,6,4.9,3.9,Intel UHD Graphics 750,True,125,FCLGA1200,261
2890faf9-97ae-4045-8c48-989ef4cef357,16,5.2,2.1,Intel UHD Graphics 770,True,65,,262
ec4a95e4-eaf2-48e2-8375-522df95c9ecc,10,5.3,3.7,Intel UHD Graphics 630,True,125,FCLGA1200,263
0b1031ce-202e-4246-aff2-36b8f02eb746,2,,2.0,,False,65,,264
6ba0122d-a6d9-4fed-8bb9-287e156dc11f,4,4.5,3.4,Intel UHD Graphics 730,True,60,,265
0c6524c9-c5d3-42c2-a90a-6380747a2515,6,4.6,3.7,Intel UHD Graphics 630,False,95,FCLGA1151,266
810a5342-b083-46f1-98f7-a3c2ae993a7e,6,4.2,3.6,,True,95,AM4,267
fa6a3e18-41f9-4607-b75c-0988a2f9c10f,6,4.8,4.1,Intel UHD Graphics 630,True,125,FCLGA1200,268
a4bad8fd-f7d1-49df-a7eb-259a26ae8752,4,3.9,3.6,,True,65,AM4,269
a850c0f7-463e-4a0e-a9ed-b59eeda82f44,8,4.8,2.9,,True,65,FCLGA1200,270
ae567f64-6ec0-4948-a423-2d7750729114,6,4.3,2.9,Intel UHD Graphics 630,True,65,FCLGA1200,271
23cb34b4-41ac-43a0-9bd5-7b00aaf0740d,16,5.5,3.4,Intel UHD Graphics 770,True,150,LGA 1700,272
8a8f5d4f-c5b9-4fc3-8551-73522e0c08a6,32,4.5,3.7,,True,280,sTRX4,273
65f14098-f470-4c0a-ab20-e6afb3d6f193,4,4.2,3.7,Radeon Vega 11,True,65,AM4,274
2dbf1fef-4ed3-4bf5-a46d-3c958f9f9755,10,5.2,3.6,Intel UHD Graphics 630,True,125,FCLGA1200,275
6b724beb-3a9e-431c-a4f1-99dcbc29a57c,6,4.0,2.8,Intel UHD Graphics 630,False,65,FCLGA1151,276
c409d994-6c74-43da-83bf-b82991a5d855,6,4.6,3.2,Intel UHD Graphics 630,True,65,FCLGA1151,277
eb9d6362-088a-4163-bcce-6db662dc6759,4,4.4,3.7,,True,65,FCLGA1200,278
8a1a8af9-7dfc-47f3-8aab-67cb74603167,12,4.9,2.1,Intel UHD Graphics 770,True,65,FCLGA1700,279
9faa03ea-4914-41ad-b311-16c3d42719f0,8,4.9,2.5,Intel UHD Graphics 750,True,65,FCLGA1200,280
62ec7af3-d278-4fbd-babc-ca167baaf655,24,5.6,2.0,Intel UHD Graphics 770,True,65,,281
90d8cecb-f7ea-46a5-b42c-f091e557b852,16,4.7,3.5,,True,105,AM4,282
601664f6-0062-454c-a55a-a43830a171d9,6,3.6,3.2,,True,65,,283
dfa4304e-6b06-457a-a97b-2b0d556010ee,6,4.4,2.6,Intel UHD Graphics 730,True,65,FCLGA1200,284
6e8e80c3-add5-4216-84ee-1062c19b5fd3,4,3.6,3.2,Intel HD Graphics 530,False,65,FCLGA1151,285
940a01b7-d542-4b20-808f-fd44833fde21,4,3.9,3.5,Intel HD Graphics 530,False,91,FCLGA1151,286
52528c38-34c3-4c10-a60e-b2a389324cb6,4,4.2,3.6,Intel HD Graphics 630,True,65,FCLGA1151,287
50dc00f9-8e2e-4851-85a0-737c10e87a18,8,4.9,2.5,,True,65,FCLGA1200,288
bf9de886-0fa3-4033-9601-4b6bd9d51069,4,4.0,3.4,Intel HD Graphics 530,True,65,FCLGA1151,289
1369fd3a-2829-46cd-a3ba-d2a9d1e4222f,12,3.5,3.0,,True,160,,290
a3a07f7e-2c3f-45b3-8a20-7cbaca84be78,4,4.3,3.6,Intel UHD Graphics 630,True,65,FCLGA1200,291
0655d254-8d94-4663-a0c8-a04de7dd42f1,8,4.1,3.2,,True,65,AM4,292
837dd800-64e1-4ac7-9056-bad3d03705d2,4,3.5,3.0,Intel HD Graphics 630,False,65,FCLGA1151,293
a7fdb072-39b9-401f-9c23-0c0e5d5aa9ef,8,5.0,3.6,,True,95,FCLGA1151,294
736a6c77-55f2-4cb8-90df-2bd177d31efe,4,3.9,3.5,Intel HD Graphics 4600,False,88,FCLGA1150,295
7d8305ac-b73a-4cc7-a0f9-84e8c7c52f5a,4,,3.4,Intel HD Graphics 4000,True,77,,296
8f5a377d-ce25-457d-8b4e-4909d26e1ac1,4,3.9,3.4,Intel HD Graphics 4600,True,84,FCLGA1150,297
a853c1b8-a5f4-4749-a7e6-ac0bf1c6a694,8,4.8,2.9,Intel UHD Graphics 630,True,65,FCLGA1200,298
641d162a-9773-4053-af94-f0de7a96ef8d,24,4.5,3.8,,True,280,sTRX4,299
fb44c7db-336c-49b1-b2c9-40a1a64804ef,8,5.0,3.6,,True,125,FCLGA1200,300
1681d7e2-346b-4545-b653-366eabada6a1,6,3.6,3.2,,True,65,,301
85290d31-3afe-4fad-8f7e-be6291623b93,8,5.1,3.8,,True,125,FCLGA1200,302
6c85e0f2-23b9-4e1e-9325-7d36f047585b,4,4.2,3.6,,False,65,FCLGA1151,303
955b20d6-6fb7-4fcd-9607-0fde75b25d82,24,5.6,2.0,,True,65,,304
8d026447-54b5-4cfd-9c47-3a7f78d6af1e,4,3.7,3.5,Radeon Vega 8,False,65,AM4,305
6a9c9dd3-0b0e-4b15-9004-b8354dc4149c,8,4.7,3.0,Intel HD Graphics 630,False,65,FCLGA1151,306
6159c7ca-a8cd-4c26-9ff2-713af7af31dc,6,4.2,3.6,,True,65,AM4,206
d76842cc-b7f6-4033-a5f5-7f7324a87f08,4,4.2,3.8,Intel HD Graphics 630,False,91,FCLGA1151,307
bc51729e-54dd-4e23-914a-1e1324d29d03,8,4.7,3.0,,False,65,FCLGA1151,308
08a0f47f-575f-42d2-aa9e-9cd34648c04a,6,4.6,3.0,Intel UHD Graphics 770,True,65,LGA 1700,309
033da844-9288-4bc0-9d05-47ae498cb2f0,4,3.8,3.4,Intel HD Graphics 630,False,65,FCLGA1151,310
6b26e813-e673-4b41-ad3b-a500c8095356,4,,3.5,Intel HD Graphics 4000,True,77,,311
64f9e478-365f-4e88-8114-c1e398bd2cb7,4,3.9,3.6,Radeon Vega 11,True,65,AM4,312
1b1a5eeb-0e1b-42dd-8135-972f07ebe134,8,3.7,3.0,,True,65,AM4,313
5adc1f6c-1373-41cf-abc7-f4b044832e2b,4,3.9,3.5,Intel HD Graphics 4600,True,84,FCLGA1150,314
4e15aa36-30b0-489c-bd25-0a0e45d9dca7,22,3.6,2.2,,True,145,,315
392f9a5b-0397-45a1-a848-43d3e37a5fa0,10,5.3,3.7,,True,125,FCLGA1200,316
0a81f3fb-3699-42a6-ad7c-f03d299e1108,8,5.3,3.5,,True,125,FCLGA1200,317
807a9754-7fbe-4971-8c32-869e77e6bad2,12,4.7,3.8,,True,105,,318
6c25f654-dc93-4e0d-8072-238d97ab1328,4,3.4,3.2,Intel HD Graphics 4600,False,84,FCLGA1150,319
70c217ef-301a-46be-b515-e6010cafbfd3,4,4.0,3.6,Intel HD Graphics 4600,True,84,FCLGA1150,320
5b17f606-f496-456f-b522-dfd9b1a79c94,2,,3.4,Intel UHD Graphics 710,False,46,"LGA1700,BGA1700",321
cc8b8c36-883e-4b28-9ffa-f9cbcc3c6063,6,4.0,3.6,,True,95,AM4,322
c45ec87b-4545-467b-adf8-ebf8e35e8dd7,6,4.8,4.1,,True,125,FCLGA1200,323
daed5489-abeb-4786-ac66-87a8ba907b18,4,,3.6,Intel UHD Graphics 630,False,65,FCLGA1151,324
c935e753-86de-4bd4-9fbe-776da0d640cc,6,4.5,3.8,,True,95,AM4,325
146d814a-39d6-40ad-aa58-966fdf5c977b,8,3.0,2.2,,True,95,,326
0719cb28-1daa-4fdd-a49e-911504deac2a,4,,3.2,Intel HD Graphics 2500,False,77,,327
2fc1ba0b-a812-46ea-bee3-88f776eeedff,8,3.8,3.4,,True,95,AM4,328
1b2c21a3-bf21-4be0-9594-24798bbe6c91,18,4.8,3.0,,True,165,FCLGA2066,329
f0c1eca1-752a-4418-b1b0-e68f5e8aae55,4,4.3,3.8,,True,65,AM4,330
36b71983-c121-4602-8416-00c84490c7cd,32,4.2,3.0,,True,250,sTR4,331
5a813703-1f10-437c-a390-ebf88051413b,6,4.9,3.9,,True,125,FCLGA1200,332
7816cf90-10f5-4ca9-a1db-3471fdf47c63,2,,3.1,Intel UHD Graphics 610,False,65,FCLGA1151,333
19e41b1d-c53b-44db-bb5c-c3fb071bc5de,8,4.7,3.9,,True,105,AM4,334
49135f2e-da29-4a18-8218-5434e0c3e0dd,2,,3.4,Intel UHD Graphics 610,False,58,FCLGA1200,335
cb63c7ad-52ab-4c27-b39a-4a3bf012924d,6,4.1,2.9,Intel UHD Graphics 630,False,65,FCLGA1151,336
829940c9-1290-45c4-a332-a149f27b7ac4,4,,3.4,Intel HD Graphics 2000,True,95,,337
a3d59191-dbcf-4909-a921-0af35c68ec96,6,4.6,3.7,,False,95,FCLGA1151,338
d6d23da4-e6d9-422a-9763-6ab716ab6800,6,4.1,3.0,Intel UHD Graphics 630,False,65,FCLGA1151,339
19bf8366-078f-4557-9e91-b7c0e8abdfb6,4,3.3,2.7,Intel HD Graphics 530,False,65,FCLGA1151,340
7ac2feb1-0b09-4905-bb62-bf7110584350,2,,3.7,Intel UHD Graphics 710,True,46,"LGA1700,BGA1700",341
8798a819-1357-4d50-9b32-69730604a893,4,,3.4,Intel HD Graphics 4000,False,77,,342
46a51207-0963-46b4-91e8-02191696efe1,4,3.4,3.1,,False,65,,343
bdb47ae1-fc8b-4bfa-b05d-f2d6eb527972,16,4.7,3.5,,True,105,AM4,282
4a566d28-fd15-4a23-aa4c-3489f07e0436,8,5.0,4.0,Intel UHD Graphics 630,True,127,FCLGA1151,344
433e1142-b63c-4c86-85c6-5352f3101d88,8,4.9,3.6,,False,95,FCLGA1151,345
99b64869-7ceb-42f9-a98c-4e431202d3d6,4,,3.2,Intel HD Graphics 4600,False,84,FCLGA1150,346
aecbdbea-2f52-43d0-801c-5afd432770ce,6,4.8,3.3,Intel UHD Graphics 770,True,65,LGA 1700,347
332214af-5dca-4451-b2ff-bc315fd4532f,4,3.4,3.2,,True,65,AM4,348
2918d8b5-8a3a-4fa6-a446-0ac14bf21fc4,2,,3.5,Radeon Vega 3,True,35,,349
38082ae0-cad7-46a3-964e-b7db4cfe404f,2,,4.0,Intel UHD Graphics 610,True,58,FCLGA1200,350
fc63262a-3ad6-4ad6-8781-63eb1fe581a0,2,,3.5,Intel HD Graphics 4400,True,54,FCLGA1150,351
38e6b4bf-1c75-4e2a-9332-4bfd7bf82dbe,12,4.0,3.5,,True,180,sTR4,352
5fb2a37d-ea3e-40d3-89bb-0614b7dc88a1,4,3.7,3.5,,True,65,AM4,353
14cf3399-10a3-46a2-ba9a-09c7d12f92de,2,,3.0,,False,65,,354
230ef616-6eb8-472a-a1ef-2cc242a7883a,18,4.4,3.0,,True,165,FCLGA2066,355
fb253774-a972-4e78-9130-ca9aa29759a0,2,,3.7,Intel HD Graphics 530,True,51,,356
db4d3683-0a67-4543-ae89-e2aec1137fa6,8,4.0,3.6,,True,95,AM4,357
a235a714-3c05-45a9-91af-205d709018ac,8,,3.5,,False,125,,358
628878ec-6399-4e6d-89d3-7c22a34eb40d,10,4.7,3.7,,True,165,FCLGA2066,359
c1385b92-e5fe-4adc-95f9-4d9d70442560,4,4.4,4.0,Intel HD Graphics 4600,True,88,FCLGA1150,360
9d3e1c63-f343-49c7-a186-03476ac0b523,16,5.1,2.4,,True,65,FCLGA1700,361
18ff455a-407e-42a0-90f2-d471025c06bb,2,,4.2,Intel HD Graphics 630,True,60,FCLGA1151,362
f11bc00e-3953-4cf0-a5f1-b6588adff4ca,6,4.7,3.7,Intel UHD Graphics 630,True,95,FCLGA1151,242
a49005fb-7441-49e5-845f-80f80d4e3e24,12,2.9,2.2,,True,105,,363
0a151355-bcef-46e0-9fb6-546f87664d05,4,3.9,3.5,Intel HD Graphics 4600,False,84,,364
87ee5563-3c23-4f74-be73-462682049e1c,8,3.7,3.2,,True,140,FCLGA2011-3,365
44c659e6-9edb-46af-814d-6f65010171e0,4,,3.4,Intel HD Graphics 4600,False,84,FCLGA1150,366
adab3ea5-199d-4acf-9a05-428c071fd24d,2,,2.6,,False,65,,367
a2f2a146-d1ff-44ad-9f97-a0f986b83ecc,16,5.1,2.4,Intel UHD Graphics 770,True,65,FCLGA1700,368
176ef532-f18d-4190-97da-a4df5a61f91f,8,5.2,2.5,,True,65,FCLGA1200,369
3cf3f077-072e-4482-8554-d926b522702f,4,,3.4,Intel HD Graphics 3000,True,95,,370
4443f458-f19d-4361-9af5-a643bfb48b2e,6,4.5,3.1,Intel UHD Graphics 630,True,65,FCLGA1200,371
bd26eb70-0d22-4f7d-bceb-a2370fce6a6f,2,,3.6,Intel UHD Graphics 610,False,58,FCLGA1200,372
24d2e0aa-1431-40be-a96b-7fb57b50b671,4,4.4,3.7,Intel UHD Graphics 630,True,65,FCLGA1200,373
9810412a-b110-42c6-ad1f-d021d9a6ed6b,2,,3.9,Intel HD Graphics 630,True,51,FCLGA1151,374
dfa6c7dc-b9b0-4125-85df-7a2b96c7298d,6,3.8,3.6,,True,140,FCLGA2011-3,375
b3b3f034-c1cf-403b-be1d-08957e17516b,16,4.0,3.4,,True,180,sTR4,376
7b4de8ac-e78a-4894-afd9-0c41888ffca8,4,4.4,3.7,Intel UHD Graphics 630,True,65,FCLGA1200,377
51b57e02-4500-42e1-a993-9a8d968ce5f5,4,4.2,3.6,Intel UHD Graphics 630,False,65,FCLGA1151,378
9601c95c-55b0-4f1b-aa02-666d31b9a9d4,6,5.0,4.0,Intel UHD Graphics 630,True,95,,379
0bc8236a-20cb-497e-8722-aaff20500c21,10,5.2,2.8,,True,65,FCLGA1200,380
d233d848-e5cb-4856-bf83-a79fe57dcc55,16,4.4,3.5,,True,180,sTR4,381
dc714ae5-17e8-46b4-936c-e38b959cb382,1,,1.6,Intel HD Graphics,False,35,,382
06cce419-52c4-4e87-826e-716dfa588fc7,2,,2.8,,False,65,AM3,383
de30c3e4-6db7-4bbc-829f-23e6cc8e506a,4,4.1,3.5,Intel HD Graphics 630,False,65,FCLGA1151,384
e29b20d4-dcfb-4bb2-99c7-3dbd529bb091,8,3.4,2.6,,True,90,,385
f2441b7a-d651-4af6-9188-8385b7cd18ba,10,4.5,3.3,,True,140,FCLGA2066,386
15367329-439e-4d89-a37a-288625a741c9,8,5.0,3.6,Intel UHD Graphics 630,True,95,,387
bd3deee8-06dd-4497-81ce-331c73fcd28d,10,5.2,2.8,Intel UHD Graphics 630,True,65,FCLGA1200,388
395a2e59-e8cf-49a8-8f9c-b06b20f2b61d,8,5.0,3.6,Intel UHD Graphics 630,True,95,FCLGA1151,248
c2a6d4e7-e30d-46e6-adad-7217eb19e093,4,,3.5,Intel HD Graphics 3000,True,95,,389
cc8d86d3-1879-47c3-96e4-ab9655b53dfa,6,4.6,3.2,Intel UHD Graphics 630,True,65,FCLGA1151,277
78a8c5c1-f618-4455-b376-fb22c6b9a777,4,3.3,3.1,Intel HD Graphics 4600,False,84,FCLGA1150,390
ccb8b353-1995-4fac-beb9-9498ac0738ca,6,4.6,2.7,Intel UHD Graphics 750,True,65,FCLGA1200,391
087b134c-02a6-4b93-bf44-a5e5808557d5,2,,3.1,Intel HD Graphics 2000,True,65,,392
0eb6ae51-2651-4b88-80ca-5943bfb4d410,6,4.4,3.0,Intel UHD Graphics 630,False,65,FCLGA1151,393
2872716a-1381-4f31-a572-d2c6536face5,6,4.0,2.8,Intel UHD Graphics 630,False,65,FCLGA1151,276
97e690c8-e023-4f03-9347-3db9fd5a0861,8,5.0,3.1,Intel UHD Graphics 630,True,65,FCLGA1151,394
925188d4-bda7-45a1-bd4e-a9990377e087,8,5.2,2.5,Intel UHD Graphics 750,True,65,FCLGA1200,395
eabe8f34-d812-466b-95d4-4ad04692efa8,4,3.3,2.8,Intel HD Graphics 4600,False,65,FCLGA1150,396
49505858-27f4-4bc7-ade6-93ea3f5cbbbf,8,4.5,3.6,,True,140,FCLGA2066,397
243a4da6-8751-4280-9f29-f937807ed903,8,4.0,3.8,,True,180,sTR4,398
8cf06b8f-f2ef-407d-9124-af6d69769f9f,2,,3.2,Intel UHD Graphics 610,False,54,FCLGA1151,399
17ea5f5d-5f24-41a1-a8d8-aba483ac4fa7,2,,3.4,Intel HD Graphics 4400,True,54,FCLGA1150,400
df72346f-7b45-468b-8ee4-3698d1d4b84d,2,,3.2,Radeon Vega 3,True,35,AM4,401
1a09d5f3-99f1-47b3-a4c0-1249e3add855,8,5.0,4.7,,False,220,,402
6ca9f2e7-fe4b-4db4-aa8d-fc595af0bbbb,6,4.0,3.5,,True,140,FCLGA2066,403
7971295c-8ca0-4797-997b-25529ad127d2,6,4.3,3.1,Intel UHD Graphics 630,False,65,FCLGA1151,404
8571b76a-f0e7-4d39-a3b3-a5f9c8ff6ed2,8,4.3,4.0,,False,125,,405
e2585329-7055-42d5-b36d-7dc708f59cf5,14,3.3,2.4,,True,120,,406
1f6025f0-60d3-49e3-b550-e1bebd871113,6,3.9,3.4,,True,130,FCLGA2011,407
adc80a9d-71c8-4b79-ad2d-bcae77c11e0b,4,3.4,3.1,,False,65,,408
9fbbbd5b-101e-4c0c-b392-af24e0a1db04,4,4.2,3.6,Intel HD Graphics 630,True,65,FCLGA1151,287
31bc011d-f648-4cfe-b08b-b297e172f368,6,4.8,3.3,Intel UHD Graphics 630,True,65,FCLGA1200,409
f676c02b-7ad0-4506-b5ff-880323258052,2,,2.7,,False,65,,410
d46cda00-7012-4ea0-aace-3b15ef6c88ec,2,,3.3,Intel HD Graphics 2000,True,65,,411
96cc9718-71df-459a-9040-15769ebd09e4,12,4.8,3.5,,True,165,FCLGA2066,412
3e30c992-5c33-41b8-9995-e1a8405b0b14,24,4.2,3.0,,True,250,sTR4,413
2146dab9-c717-48db-a36c-dcf5e85ca059,2,,3.3,Intel HD Graphics 510,False,54,,414
db073d43-32ff-4afa-a730-d0aff47c8923,4,4.5,4.3,,True,112,FCLGA2066,415
899e7195-dd1e-47f6-ba23-6e23974f32a6,8,,3.3,,False,95,,416
285f5d7f-509c-4353-963b-154dac7f74d4,4,4.0,3.4,Intel HD Graphics 530,True,65,FCLGA1151,289
9a88d0c3-9889-445c-8f02-78b1ca94beb3,6,,3.9,,False,125,,417
e783e4c4-df4b-44bb-80b7-5e77f15e05d8,14,3.2,2.0,,True,105,,418
370ae0f5-2947-452d-b124-04aee7af36e4,2,,2.4,,False,65,,419
1011b40a-82ee-4caf-a268-b56d4b413320,4,,3.4,Intel HD Graphics 4600,False,84,FCLGA1150,420
7d457e2b-81da-4cde-8a86-500031fecb61,2,,3.2,Intel HD Graphics,True,73,,421
cac6ec4a-f802-4f58-bf53-de62b79021f9,2,,3.7,Intel UHD Graphics 610,True,58,FCLGA1151,422
b5507db8-f365-4020-991b-5d93d610456a,6,4.6,3.1,Intel UHD Graphics 630,False,65,FCLGA1151,423
826f703b-a7d9-47fd-a2e3-cfaa8d963cb3,4,,4.0,Intel UHD Graphics 630,False,91,FCLGA1151,424
3d3def0a-8e78-4a35-a4c2-35d5966d94ed,10,3.5,3.0,,True,140,FCLGA2011-3,425
5c898972-9b75-4ee4-9dca-861dc5263fef,14,3.5,2.6,,True,135,,426
be843391-8bd4-49fb-ab7a-c9fdcd7f01a8,2,,3.1,Intel UHD Graphics 610,False,65,FCLGA1151,333
131e023c-d067-48b1-9d65-6cce239d644f,4,3.9,3.7,,True,130,FCLGA2011,427
86400147-72f7-4382-a6d9-b2c185de0c08,2,,2.8,Intel HD Graphics,False,65,,428
e94e07d0-a0dc-4d81-91eb-5bf3219f5108,4,,2.66,,True,130,,429
41d15783-c482-4d0c-912c-bf29532f4396,4,,2.83,,False,95,,430
726674c5-bc0c-4f6f-af7d-a35b01fbb28f,4,,3.6,Intel UHD Graphics 630,False,65,FCLGA1151,324
3f5bfc34-e9e8-4195-8af8-a6535cd4eb9a,12,4.4,2.9,,True,140,FCLGA2066,431
78b89879-289b-4058-a398-fccd4e9060f8,4,3.8,2.9,Intel HD Graphics 630,True,35,FCLGA1151,432
bafb1ab3-b107-4057-b6ae-8b7aeb3788ba,8,4.7,3.0,Intel HD Graphics 630,False,65,FCLGA1151,306
28f5f7f0-60ab-47e5-8957-9db1a95deb85,2,,3.5,Intel HD Graphics 4600,True,54,FCLGA1150,433
9cb66fe9-5ced-4fe2-9d06-acc79e13bc21,6,,3.2,,True,130,FCLGA2011,434
41996a7a-a3c8-4cf8-b5be-c616328fa05d,6,4.8,2.8,Intel UHD Graphics 750,True,65,FCLGA1200,435
23cd2844-16a7-46f2-8a17-150b65acfa3b,8,4.7,4.4,,False,220,,436
b81dd588-2608-4edd-95fe-5af1743731a7,6,,3.3,,False,95,,437
cd527e99-65b2-41d2-bbf2-76f982c5fcfb,4,,2.05,Radeon HD 8400,False,25,,438
122da7e7-472a-43cd-9411-dd5e64b1ce45,8,2.8,2.0,,True,95,,439
4f8a8669-98b9-4157-94ab-6fa53f4724a7,6,4.0,3.5,,True,140,FCLGA2066,403
c97ebabd-0678-480b-ab9c-b7c021c5dcab,8,4.7,3.0,,False,65,FCLGA1151,308
a4740702-2c6c-4746-a3ed-0dedcdb52185,16,4.4,2.8,,True,165,FCLGA2066,440
da00125f-c07e-4b7d-ac6b-66074403aac2,1,,1.6,,False,35,,441
f8476088-b08a-423c-8b9b-3e6b845d4178,4,4.6,3.8,Intel UHD Graphics 630,True,65,FCLGA1200,442
b3229adc-9ccd-441f-bbe2-7f39ef5e778d,2,,3.0,,False,65,,443
ceec9e9f-c428-4449-9afc-0bb0cc857e2e,2,3.9,3.7,Radeon HD 8370D,False,65,,444
9764ceb2-b383-40ae-9eab-d1b1462de593,2,,3.4,Radeon Vega 3,True,35,AM4,445
bc2c81eb-924d-4dcf-9bb1-a17b4c0417f0,8,3.2,2.4,,True,85,,446
68376c42-7003-46e5-a6de-51889859bb53,2,,1.8,Intel UHD Graphics 610,False,35,FCLGA1151,447
061e7766-590a-495a-bad7-09c199e2bb60,4,,3.9,Radeon HD 8570D,False,100,,448
c091c146-e427-4470-9537-f7b3dfafd908,4,,2.5,,False,95,,449
aa58cef3-20ad-4782-9383-f5b216316057,18,4.4,2.6,,True,165,FCLGA2066,450
666c8db7-a494-4b40-b5cc-1518211f2e23,6,4.0,3.6,,True,130,,451
e0c736e9-ff2b-465c-a4d2-7c06af388ccb,2,,2.93,Intel HD Graphics,True,73,,452
c4452e6c-1afd-4bf1-8c7b-79ef1cf1439f,12,4.3,3.5,,True,180,sTR4,453
0db7a545-f39b-4dc6-846b-4b9b258cddd2,12,3.2,2.6,,False,115,unknown,454
ffe4c003-2ea9-467c-b87f-384e1a5061c7,6,,2.3,,True,95,,455
dcf80599-7f02-47bc-9c1d-7f96841d5c4e,8,4.5,3.8,,True,165,FCLGA2066,456
307f97b6-94c8-4b6a-8de6-fceac97bfc6c,16,3.0,2.1,,True,120,,457
db3d5a5c-ac9e-4ead-b896-9af2d34b2b94,2,,3.5,Radeon Vega 3,True,35,AM4,458
e68ff7a2-c9ff-4e5e-8589-10d31199e6c9,6,4.1,3.5,,False,95,,459
82dcbeef-4eb2-4780-bd39-d419c1d82e4b,4,3.4,2.8,Intel HD Graphics 510,False,65,FCLGA1151,460
d3ca4c54-7d50-49b9-8304-c82532b76fcd,14,4.8,3.3,,True,165,FCLGA2066,461
862c02ac-e0c7-4164-90a0-059a226ba2c5,4,,2.4,,False,100,,462
92ab3c76-fbab-4653-bed7-0fbd8e0b007e,4,,3.1,Intel HD Graphics 4600,True,65,FCLGA1150,463
af8d8f42-540d-43f9-82e6-5a73a28b433f,2,,2.6,Intel HD Graphics 510,False,35,FCLGA1151,464
af0b1e58-0a7a-4c54-8f79-088781f2e90b,6,,3.5,,False,95,,465
7957253a-9284-41af-a3fb-545246868ab1,2,,2.8,Intel HD Graphics 510,False,51,FCLGA1151,466
22361259-c573-4f7c-b5a9-fe4ef997698f,4,4.2,4.0,,False,112,FCLGA2066,467
72b42dc6-3e02-42ba-ab92-27005c686709,4,,4.2,,False,125,,468
767d0dd2-f9c7-47e9-be24-efeb49ccbc34,6,3.8,3.5,,True,140,,469
074f455d-dd37-4552-b3d8-3b9bf7b5d4ff,8,,4.0,,False,125,,470
0925006f-f0ba-4e30-95cc-f3caf7ff4e10,2,,3.4,Intel HD Graphics 2500,True,55,,471
a8120bf5-5c30-4037-a5fb-d19fcf17a7d0,2,,3.2,Intel HD Graphics,False,53,,472
c2dafb6e-8227-4efd-853a-a721f5e0366f,4,,3.1,Intel HD Graphics 4000,True,65,,473
445094fc-9d3c-450f-abef-a7220f586752,4,4.0,3.7,,True,140,,474
431c461a-7a3b-4da7-a4c7-7ebf5ecaccc4,6,,3.33,,True,130,,475
fc77d0a3-62f0-4e0f-887e-efbf23f30979,2,,4.1,Intel UHD Graphics 610,True,58,FCLGA1200,476
fc5ac956-a799-4054-921a-7f9278ab8aef,4,4.2,3.8,Radeon R7 (on-die),False,65,AM4,477
1f81dc39-9e01-4e7a-a69d-3d10b63119ed,4,,3.0,,False,95,AM3,478
3378b96f-738f-42b3-8896-b19005be9e52,6,,3.2,,False,125,,479
58dff2d7-bbec-450c-9bd5-12e4b8e03d3d,4,,2.8,,True,95,,480
50307b64-c9d8-4308-bc7a-5f77ecf36a4c,8,3.5,2.7,,True,130,,481
8b90f21d-de95-4e88-b753-c4c890c91d75,2,,4.2,Intel UHD Graphics 630,True,58,FCLGA1200,482
18ca72eb-376b-48c9-a2a5-84469f7815e0,8,3.5,3.0,,True,140,,483
42e70b25-47df-4ccf-9e84-c3f0e414a9aa,4,,3.1,Intel HD Graphics 2500,False,77,,484
5204617e-5e88-4291-a8a1-7ff59078be21,8,5.1,3.8,Intel UHD Graphics 630,True,125,,485
49556d1e-7054-4481-b578-1d30af21df33,4,4.3,3.7,Intel UHD Graphics 630,False,62,FCLGA1151,486
3222ac48-8218-42ca-bea4-804b135c1e2c,4,,3.06,,True,130,,487
02b848e7-ad4c-415a-b8f6-bda755c3cdd9,4,,2.93,,True,130,,488
0c0f2769-71d5-4fde-a75b-cc67285245dd,4,3.8,3.5,Radeon R7 (on-die),False,65,AM4,489
131f3da0-d3a6-4f76-aef1-56b935fcaf19,2,,2.9,Intel HD Graphics 610,False,51,FCLGA1151,490
8a7989cc-1638-4ce6-b764-f1591e0b269a,2,,2.9,Intel HD Graphics,False,55,,491
1de133b6-ff8a-4e31-a13e-46a5af8258e8,4,,3.3,Intel HD Graphics 2500,False,77,,492
6da7f63e-c2b4-46cc-8646-cb565646b408,8,3.4,2.6,,True,95,,493
e2459296-5d24-4e80-b411-97ce3461804b,2,3.8,3.5,Radeon R5 (on die),False,65,AM4,494
472a1963-9e91-4db2-ab0f-cf84d12fefd5,2,,3.8,Intel UHD Graphics 610,True,54,FCLGA1151,495
96c81b27-7d86-4778-9c75-783ba8e83672,4,3.5,3.0,Intel HD Graphics 630,False,65,FCLGA1151,293
6e6f9133-03cc-434b-8b09-0c859479a955,4,4.0,3.7,Radeon R7 (on-die),False,95,,496
cae417f4-6ca8-479f-88be-872b52bcd81d,4,,2.93,,False,100,,497
9fbe9f81-5c61-43d9-ab92-f84071b06c94,18,4.4,2.6,,True,165,FCLGA2066,450
15edcfd6-acf7-4d65-a72a-bab71ecda30c,10,3.5,3.0,,True,140,FCLGA2011-3,425
df85caac-c387-419b-bd6d-594c144617a3,4,3.6,3.5,,True,140,,498
639bc0da-39e0-4625-a7d3-3222e7a51b16,2,,3.7,Intel UHD Graphics 610,True,58,FCLGA1151,422
b38a1e9a-c675-49ba-835e-be9010d07a13,8,3.6,3.2,,True,135,,499
1a110de4-3b35-4ec0-aba1-157cc970ae55,4,,2.93,,True,95,,500
2cf84760-a875-4a53-8704-1ffa306ebedf,4,3.7,3.3,Iris Pro Graphics 6200,True,65,FCLGA1150,501
bbe32cef-72a2-4b1a-a7d5-cdddb0ea255d,6,4.0,2.4,Intel UHD Graphics 630,True,35,FCLGA1151,502
c4c867fb-77d0-4b87-8547-3d5fa1487a6f,18,4.4,3.0,,True,165,FCLGA2066,355
0fc55f12-3ff5-4ae7-803c-be4135b964b4,4,,2.66,,False,95,,503
9345f7bd-d3a2-4bb5-9d69-df1a8c240f01,4,3.9,3.5,Intel HD Graphics 4600,True,84,FCLGA1150,314
950917d9-66f9-4d2d-8691-1e10fa72709f,4,3.0,2.4,Intel HD Graphics 630,False,35,FCLGA1151,504
d1c8340b-6fab-46fb-9c15-abff8babf043,4,,2.5,Intel HD Graphics 2000,False,65,,505
62c303f6-e921-4d2d-b5cb-f31de7a594f1,6,3.2,2.4,,True,85,,506
660d7f16-70fd-485c-8007-cad350ff3c7d,6,4.6,3.7,,False,95,FCLGA1151,338
246b4ad1-f945-4644-b5bb-902ea8d24a2b,2,,2.93,,False,65,,507
c8cbae8c-dcad-427b-9fb5-200c05f90562,8,3.0,2.1,,True,85,,508
d856c59e-4f90-49ca-a7ac-d63834845950,12,3.2,2.4,,True,115,,509
7acd36ca-d7c2-4fb9-8c5d-7313543075aa,6,,3.5,,True,150,,510
9e167087-fe8d-462d-8c8d-8cae39ac1c21,4,3.8,3.5,,False,65,FM2+,511
a2aa26e0-e273-4e98-b8e2-7a9276d19b07,4,4.5,3.8,Intel UHD Graphics 630,True,65,FCLGA1200,512
78925561-9461-43a2-a65f-152e39d35ff9,4,3.9,3.5,Intel HD Graphics 4600,False,88,FCLGA1150,295
62209319-7b6a-4f4d-a2d5-efc821b833c0,4,3.7,3.3,,True,80,,513
0cc7492a-2334-4de3-8574-966c00e665fc,2,,3.8,Intel HD Graphics 4600,True,54,FCLGA1150,514
66e7eb97-9e51-48af-a047-ee0ca1926012,2,,2.9,Intel HD Graphics 4600,True,35,FCLGA1150,515
8685230a-356b-49bf-8d62-86804e7029ce,6,4.8,3.4,,True,80,FCLGA1151,516
af82c5dd-d191-4733-8659-d0fb2a91f660,6,4.5,3.3,,True,80,FCLGA1151,517
340c00ec-5c23-4754-972c-cf6796b22c24,4,3.9,2.7,,True,45,FCLGA1150,518
cb7413ec-7690-4955-80e3-b46279d19ec9,4,,3.3,,True,69,,519
1e072506-2912-472e-a26c-8dfe20148552,4,3.8,3.4,,True,80,,520
e4d2664b-92ed-4962-8441-b7f5de796938,10,3.4,2.4,,True,90,,521
6ff0f092-4a68-48a7-bd3b-a2695da42ac3,2,,3.8,Intel HD Graphics 530,True,51,FCLGA1151,522
04b5de22-364f-4152-a2d0-5898723ec7b8,4,,3.2,,True,130,,523
f47025fc-88e4-41b5-93ec-8a6b42a45a4d,8,2.6,2.2,,True,95,,524
e100d707-258f-42bf-9700-1fac8f75a5e7,4,,3.0,,False,130,,525
10e7f9a1-a201-45e1-9136-e0bab0627bad,4,,3.0,Intel HD Graphics 2000,False,95,,526
a0e251e1-3e9a-4efd-b240-c51be95300d1,4,,2.9,Intel HD Graphics 4600,False,65,FCLGA1150,527
0481b0de-6774-4aaf-9052-6a28076067c4,4,3.9,3.5,Intel HD Graphics 4600,True,84,FCLGA1150,314
47119efa-fedb-428f-9966-7da448ef8080,4,4.5,4.3,,True,112,FCLGA2066,415
0a08b09b-2040-4a62-8160-c21281c2c441,4,3.8,2.9,Intel HD Graphics 630,True,35,FCLGA1151,432
4394fbe7-6f69-46df-a71f-1479b6a4a58c,2,,2.9,Intel HD Graphics 4400,True,35,FCLGA1150,528
fefc3ccd-150a-4ca1-9f57-65223310950f,2,,3.9,Radeon HD 8470D,False,65,,529
6fc58296-1e56-4983-b86f-0ae8467180a6,10,4.4,3.5,,True,165,FCLGA2066,530
035132a8-0e6a-4404-90e4-38bcf3aa1f16,2,,3.2,Intel HD Graphics,True,73,,531
53353867-4ee6-4571-b02c-019cb5e397b6,4,3.3,2.7,Intel HD Graphics 630,False,35,FCLGA1151,532
c5286587-51d2-43ce-b92c-2c155aac2795,4,,2.8,,False,95,AM3,533
ef5f7027-3156-4349-af33-08c67e2b71f3,2,,3.5,Intel HD Graphics 530,False,51,,534
b449a0c5-fa3e-415a-aec8-d2663f325636,16,3.0,2.1,,True,120,,457
3c7b47ce-8563-449c-8cc6-c3f78035abf5,2,,3.06,Intel HD Graphics,True,73,,535
12d62c98-5457-47a5-90b0-3fb86d4d7f3a,2,,2.66,,False,65,,536
667af1c6-f7ef-4e54-a07a-51bb6ce50ea5,6,4.1,3.0,Intel UHD Graphics 630,False,65,FCLGA1151,339
35507cfc-0b2d-42a5-b9b3-7aedf36eca7a,2,,4.1,Intel HD Graphics 630,True,51,FCLGA1151,537
5b550f58-e936-478e-8fa7-fb5926316ba8,10,4.5,3.3,,True,140,FCLGA2066,386
31c89f9f-dd25-4c81-8de6-802e59f1b7df,2,,3.06,,False,65,,538
98434dd1-d39f-4fb8-937d-745ea42c72af,2,3.9,3.5,Radeon R5 (on die),False,65,,539
d87bd821-599f-4ba3-9504-7cae4fe57af5,4,4.3,3.3,,False,71,FCLGA1151,540
86853f55-048c-459c-8c26-e739ac362402,4,3.8,3.4,Radeon R7 (on-die),False,95,,541
1ff59057-85d4-4e10-bf97-f1a45f8124c5,2,,2.6,Intel HD Graphics,False,55,FCLGA1155,542
8099aa0c-757d-4a51-9d98-843e690d7c91,4,,2.8,Intel HD Graphics 2000,True,65,,543
a27e03c0-ae96-49d0-84bd-e455b11fc1bd,2,,3.5,Intel HD Graphics 2500,True,55,,544
3b5f744b-59ee-4dc3-b8bb-4e0e53dbc79e,2,,4.3,Intel UHD Graphics 630,True,58,FCLGA1200,545
01000fec-4ea9-4dc6-839f-c371af237a9b,4,3.9,3.5,,True,80,,546
10fd90d0-1944-43d8-8ec9-fba2d36a7071,16,4.4,3.1,,True,165,FCLGA2066,547
b5181849-ac32-423d-98e9-cd607dbcb630,4,,2.8,,False,95,,548
8426d916-8531-40de-9281-6a60fb04c326,2,,3.2,Intel UHD Graphics 610,False,65,FCLGA1151,549
0f54ce48-f1b7-48f4-bb72-d9f7aae5fe52,4,,3.2,,False,150,,550
66ead5ec-8385-4a56-80a6-c5800f808bc9,6,4.0,3.7,,True,130,,551
c7721e32-4391-4b99-85f8-fcbb26f20cea,4,,3.7,Radeon HD 8670D,False,65,,552
65de336f-99b8-402e-aabe-9ba785b058d7,2,,3.9,Intel HD Graphics 630,True,51,FCLGA1151,374
47414ac3-f5ff-4f12-8b5f-4e4794fdb3f4,4,,2.8,Intel HD Graphics 2500,False,65,,553
1959409c-3f4d-4914-8605-dd26e306e502,4,,2.8,,True,130,,554
0479cd20-ee70-4a9e-9133-c663bd67643a,1,,1.8,,False,35,,555
b42a89eb-f709-44ad-992b-dcbb87cb0436,2,,3.5,Intel UHD Graphics 610,False,58,FCLGA1200,556
7087a2f2-4f7d-4212-bdd8-f2e894c1fc01,4,,3.2,Intel HD Graphics P630,False,65,FCLGA1151,557
81cbccd4-6665-44f3-8303-5639ce1a6d15,4,,3.5,Radeon HD 8570D,False,65,,558
7da55d62-49a2-4ebb-aeb6-2666bdc634d4,2,,3.7,Intel HD Graphics 530,True,51,,356
2d6ea936-4dcd-4791-8a06-1789d53abdab,4,3.7,2.8,Intel HD Graphics 630,False,35,FCLGA1151,559
a943034f-8287-408c-9b23-dc0d6ff1817e,4,3.9,3.5,,True,80,,560
495aa707-1a3f-4178-abee-cee5beae6d0b,4,3.3,3.1,Intel HD Graphics 2500,False,77,,561
09389973-bb9c-4fd4-99c2-4519d37335c4,4,3.5,3.1,,False,80,,562
01d060b4-2a21-4732-a233-5a98354edfda,4,,2.4,,False,100,,462
8355fecf-3832-47fa-a5a3-e15a8409200e,6,3.9,3.5,,True,130,,563
cd3ee194-bd55-4cc1-b082-661d5872da75,2,,2.6,,False,65,,564
3d5cf5eb-cf47-45e2-895f-439e0c4c82d5,4,,2.83,,False,95,,430
062af3e1-d493-42aa-9ece-3399dcf0ae8c,6,3.7,3.4,,True,135,,565
7a464063-2ce2-48f2-8406-8dd54c46db3a,6,,3.3,,True,130,,566
b1f32ef2-8273-4671-82d8-553fa1484f89,2,,3.6,Intel HD Graphics 510,True,54,FCLGA1151,567
b8bf44b5-3b95-45fa-ab1f-6b5815acdf34,4,,3.0,,False,95,AM3,478
b445fa75-07c0-478f-aab6-5a2ef79092a8,2,,2.5,Radeon HD 6410D,False,65,,568
7130db3d-f557-4f8b-97ce-e85ce738d979,1,,2.0,,False,35,,569
1c2d7ebe-de71-4205-9f3d-beee6d505f97,2,,4.1,Intel UHD Graphics 630,True,58,FCLGA1200,570
46f4f52a-fdcf-4fff-8463-31284752bf4e,2,,3.1,Intel UHD Graphics 610,True,35,FCLGA1151,571
7cb902e0-0ab5-404b-ab19-d5db5853f1ed,8,3.3,2.6,,True,115,,572
6beea99e-db4c-4149-b6b7-4eb97a5c1b4b,4,,3.0,,False,130,,573
8e7f5357-8f97-4cef-9070-0b53decc92be,2,,3.2,Intel HD Graphics,False,53,,574
0eaa25f2-4ab9-4e58-aafb-99a0d5fe3c5b,14,4.4,3.3,,True,165,FCLGA2066,575
475aa7fa-2dce-49ef-bce1-79220b868221,2,,3.2,Intel HD Graphics,False,54,,576
2e4d7a3c-60bf-40ea-a0d2-fffd27411212,8,,3.5,,False,125,,358
aa4180da-cf41-45cc-bbb2-5d837c1d1222,4,4.1,3.9,Radeon R7 (on-die),False,95,FM2+,577
edd13fb6-909d-4ab7-90e7-fdd6c9c92e55,4,,2.93,,True,95,,578
20436102-e1bc-4d32-8449-e42691752c33,6,4.9,4.0,Intel HD Graphics P630,True,95,FCLGA1151,579
32e29f35-ffd1-4643-8bf8-16053e7f7e68,4,,3.2,,True,130,,580
8d9a83ef-9bf1-4e18-b28e-f01a4aad5c45,2,,2.6,Intel HD Graphics 2000,True,35,,581
b7f6b94f-909e-4b0b-ae4a-346c46b9c57c,4,,3.2,,True,80,,582
15e0a500-9f21-4b9e-93ae-28f1e5b48ac6,4,3.8,3.5,,True,140,,583
366f9d96-beb3-4132-a382-b87bc877ab40,2,,3.2,Intel HD Graphics 2500,True,55,,584
85d09b04-ba88-4816-9d55-d3fe2e9dd1b6,4,3.8,3.1,Intel HD Graphics 4600,False,65,FCLGA1150,585
40a5417c-7e90-4051-8843-a322bc8acade,4,3.7,3.3,Iris Pro Graphics 6200,True,65,FCLGA1150,501
e0cffeaf-625f-42c2-9b8c-22a6722a8c78,6,,2.0,,True,95,,586
927990ac-824b-43b1-8458-92c2ba559619,4,,3.4,Radeon HD 7660D,False,65,,587
0087f140-b4f0-4e54-aeef-6d86331e7cc4,4,,4.2,,False,125,,468
98250468-a27b-4dbe-ad42-b842353c8c39,2,,1.45,Radeon HD 8240,False,25,,588
6a1e10e7-502a-49d9-bb57-05d1e79972da,4,3.9,3.5,Intel HD Graphics 4600,False,84,,364
554f71f7-0430-4607-8037-6b51f1d0c35e,4,3.8,3.1,Radeon R7 (on-die),False,35,AM4,589
a092eb7c-29ed-465a-b420-5bee3f62d8cd,4,3.7,2.5,Intel HD Graphics,True,45,,590
953143ce-e9d6-4958-8690-0cd5340a13da,8,2.9,1.8,,True,55,,591
bcda8671-992a-4f86-b672-377947ff7f48,6,,3.333,,True,130,,592
683c67f0-ce5a-43f3-aaa6-a82a1003ad45,4,3.5,3.0,Radeon R7 (on-die),False,35,AM4,593
3cc7abb3-f355-44cd-84b1-a1a631154814,4,,2.8,,True,95,,480
0f975f27-9dc3-4332-9d6a-a9b4c7e3e040,4,,2.66,,False,95,,594
d5db729c-020d-491c-8cb2-996f50bef100,4,,2.9,,False,95,AM3,595
490c00e6-b5fe-4665-826e-295890c77e99,6,3.6,3.4,,True,140,FCLGA2011-3,596
caa126c6-1470-4fb1-aa9b-8cbc8d72743f,4,,2.6,,False,95,AM3,597
d0ded653-e047-4495-a136-c14442ffdc64,2,4.0,3.7,Radeon R5 (on die),False,65,FM2+,598
ccbc324d-ba9e-47f4-9950-0921b8f5f9ab,6,4.7,3.7,Intel HD Graphics P630,True,80,FCLGA1151,599
7bd0b4b4-a0c3-4ec3-8092-ce15130a252f,2,,2.7,Intel HD Graphics,False,65,,600
4eed5582-f0a1-424d-adef-d88886e2cf27,4,,3.1,,False,95,,601
5b2bbfe9-6847-4d57-89c9-79862ba75f10,2,,3.333,Intel HD Graphics,True,73,,602
ab2e5406-a230-45ee-b3e5-b980eb4e9042,4,,2.8,,False,95,AM3,603
3823e339-fe13-4284-aca3-ba951d12eea7,2,,2.13,,False,65,,604
d2f03279-b1a6-4bd9-9ea8-b44fbdf2ce76,2,,2.5300000000000002,,False,65,,605
35ed6ffa-b365-4660-b8ed-a43e193ca918,14,3.3,2.3,,True,120,,606
fe7e1c79-fc89-4ef3-857d-b07caca200a2,8,3.7,3.2,,True,140,FCLGA2011-3,365
2a9b73e4-2820-47f7-99ef-6d2e4e9d3c9c,4,4.5,4.1,Intel HD Graphics 630,True,79,,607
2851035f-2a42-4cf2-8cb7-2e7fb08df793,2,,3.4,Intel HD Graphics 630,True,35,FCLGA1151,608
f4104157-5014-418b-a027-108232454ad5,2,,2.33,,False,65,,609
eb28c4ad-0fcf-4dec-9ba7-d9839d12c616,4,3.5,2.7,Intel HD Graphics 530,False,35,FCLGA1151,610
7ce16d08-7b58-41c6-bfb3-a696a543c5f5,4,,3.4,Intel HD Graphics P4000,True,77,,611
993899f2-9200-4ead-8365-7673b4810c24,4,,3.7,Radeon HD 8670D,False,65,,552
15bd7668-082a-4956-b351-5c32a5c04b0a,10,3.1,2.2,,True,85,,612
8b66da38-5a59-41a0-b001-80e333937a3f,4,4.1,3.7,Intel HD Graphics P630,True,73,,613
a7370dff-07c0-4a6b-8b1d-7a2ec7d85b1c,2,4.0,3.8,Radeon HD 8470D,False,65,,614
556c65a1-eb03-4f3d-9283-db47abd74be6,2,,2.2,,False,65,,615
65d306b9-9ac8-4fb0-a174-b49ea80e77a2,4,4.2,3.8,Intel HD Graphics P630,True,73,,616
cbb6331f-3d37-4310-802b-525a83ba9686,2,3.9,3.7,Radeon HD 8370D,False,65,,617
c17eaf0c-ba7f-4598-ad89-d3d23e16a00b,8,2.3,1.8,,True,70,,618
af127225-e46a-4366-bb1d-33ea9c87c465,2,,3.3,Intel HD Graphics 530,True,35,FCLGA1151,619
57f6c3cd-99cc-44d9-9f08-92e178d93519,2,,2.66,,False,65,,620
34ee7e0e-a09b-4577-9d91-187d4868830a,2,,3.6,Intel HD Graphics 4600,True,54,FCLGA1150,621
b8499db9-42f7-48c5-937b-be6ce3298d28,4,4.9,4.0,Intel HD Graphics P630,True,83,FCLGA1151,622
a4d9f190-cc57-4749-9042-bdd8a278ed20,2,,3.0,,False,65,,354
2ef30008-9bc9-4ad5-ae18-85c5dfd8b9be,2,,2.9,Intel HD Graphics 2500,False,65,,623
9dea219c-95bf-4e15-b41c-f8f4331397be,10,3.3,2.6,,True,105,,624
c119f4c6-3137-4971-a93e-1a1490d7147c,4,3.7,3.3,Intel HD Graphics P530,False,80,,625
9688b1aa-c5b7-47c4-b738-07a55dd08b60,8,4.5,3.6,,True,140,FCLGA2066,397
43053ea6-e819-4bf7-ab24-513926a31752,2,,3.33,Intel HD Graphics,True,87,,626
a52f8472-1022-4c51-a803-0017284c3658,2,,3.4,Intel HD Graphics 4000,True,55,,627
62b15809-91ff-482b-a234-34be5fab8b57,4,,3.8,Radeon HD 7660D,False,100,,628
ed6c2059-c787-46ee-94d0-bf9ba556c2c8,4,3.9,3.5,,True,80,,629
35abe7c7-3671-4bd3-bc44-0af74f5e48b7,10,3.2,2.4,,True,95,,630
658ef200-7f0c-4f14-96b0-6ce22d6f171e,4,4.1,3.7,,True,72,,631
13c47127-2738-4190-a8d1-5f79da4d5e10,2,,1.6,,False,65,,632
21322f82-b3d2-438f-89c2-ba143fd42662,4,,2.4,,False,80,,633
91d45701-1e8e-4931-9195-dc99b13db9fe,2,,3.2,Intel HD Graphics 530,True,35,FCLGA1151,634
8e6a8507-8078-44da-8025-6d431f2c4890,8,3.8,3.2,,False,115,G34,635
90b1647a-0e3e-4cd2-a90f-a383c8b9d1e0,4,4.7,3.8,Intel HD Graphics P630,True,71,FCLGA1151,636
9bf2aa49-e2c9-461f-b288-c0db9da901db,2,,3.3,Intel HD Graphics,False,54,,637
47693e13-6910-4517-9531-f7bb55db329a,4,3.2,2.7,Intel HD Graphics 2500,False,65,,638
dbcf558a-1120-41eb-8f2b-c13896b8e726,3,,2.9,,False,95,AM3,639
c414553b-92ef-4419-9feb-8604cfee21d8,4,,3.3,Intel HD Graphics,True,95,,640
2f8caf2a-2f9b-4589-975a-53ccfb6156c8,2,,1.8,,False,65,,641
22a490b4-140e-4093-8f38-9dcf04b47fff,1,,2.0,,False,35,,569
1a3e5337-a633-48d9-ac68-ffab91249f6c,2,,2.8,Intel HD Graphics,False,73,,642
a086ff2a-5926-4be6-9dd7-b060351c2493,4,3.3,2.7,Intel HD Graphics 630,False,35,FCLGA1151,532
7517d7af-4603-49ca-a4bf-85452e7ac35e,4,,3.4,,True,69,,643
2f40de09-e6c3-4712-ae70-11f1ba729b49,4,3.7,2.8,Intel HD Graphics 630,False,35,FCLGA1151,559
79daddef-bcff-459e-b354-cc648d2df2ac,4,,2.8,,False,95,AM2+/AM3,644
84bf8d2d-aae7-407a-b437-23156c27515d,2,,2.5,Intel HD Graphics,False,65,,645
d6e7e3e4-432b-4e8d-8ebc-0e4e9065f3b1,2,,3.0,Intel HD Graphics,False,65,,646
4c6256b3-96d9-47bb-a1be-5217ddea84a0,2,,3.9,Intel HD Graphics 530,True,51,FCLGA1151,647
2539bd86-33a1-4811-98c2-e8a2cc9a7753,4,3.0,2.4,Intel HD Graphics 630,False,35,FCLGA1151,504
ed12b148-f55e-43a4-8af3-74adcf06f97b,4,4.2,3.8,,True,72,,648
c5c94a1c-b8e0-491e-955e-473d854362a0,2,,4.2,Intel UHD Graphics 630,True,58,FCLGA1200,482
f500ca46-d2ad-4a87-a605-f6b446fd6b8d,6,4.7,3.7,Intel HD Graphics P630,True,80,FCLGA1151,599
56086e02-849c-4d4a-82b2-6e2d6ac09514,4,,2.5300000000000002,,True,82,,649
57fd1f89-5367-45e5-9bb0-278bff3f934c,2,,3.0,,False,65,,650
ca207d8c-c094-49dc-8a99-7872c1946047,4,,2.93,,True,95,,500
2c939c44-ca53-43ce-aeae-bd6077533075,2,,3.1,Intel HD Graphics 3000,True,65,,651
3d674b85-3b05-43b1-9a25-bb7279389516,4,3.7,3.5,,True,135,,652
3d505a15-5bbb-4e54-9ecb-65fb707cb8cc,8,3.4,2.6,,True,90,,385
fb4e5fa5-0e76-4fd5-b47d-894a5eec00cc,6,,1.7000000000000002,,False,85,,653
322def01-01f0-4873-be93-bc71f55ea9d5,2,,1.8,,False,65,,654
cab34b5e-7bc0-4d5b-9271-0201768e9ea6,2,,2.8,Intel HD Graphics 2500,True,35,,655
955e82a4-6b4c-439a-a7f4-b3ef1877510f,6,,1.6,,False,85,,656
59867cb6-b45e-4848-80f8-893022ebe54f,2,,3.33,Intel HD Graphics,True,73,,657
f181a9be-1caa-4373-8d75-dd815b88de76,4,,2.83,,False,95,,658
e5f97e1c-0101-4af4-8731-2cd8f213d065,4,,2.66,,False,100,,659
c5f22342-4bc7-4fb0-8978-3cd7add02f65,2,,2.4,Intel HD Graphics,False,35,,660
c1616492-d54c-42bc-aca5-88021c245bdb,2,,3.1,Intel HD Graphics,False,55,,661
23cf0469-ee52-4c46-be19-4480435ba72a,6,,2.0,,True,95,,586
13380f5c-81ef-42d6-b001-8d9434b09dea,6,3.0,2.5,,True,95,,662
af8faf1a-771f-4288-a311-44d94af485af,6,3.2,2.4,,True,85,,506
166b0ac8-72ec-477a-840f-e0829515b1a5,2,,3.6,Intel HD Graphics,False,53,,663
4cdf2722-6161-4d12-a9af-79c9cbeeb42f,4,3.9,3.5,Intel HD Graphics P530,True,80,,664
0d16b2fe-d17c-4dcc-92f3-d4fab023e6a1,6,4.5,3.5,Intel HD Graphics P630,True,80,FCLGA1151,665
fc02cab4-8260-4bec-96ef-ce1f5dfc66a9,2,,1.8599999999999999,,False,65,,666
e8a414ea-97c9-4231-a2da-16915d82bf84,2,,2.4,Intel HD Graphics,False,65,,667
dcc4d6f9-8412-4d2f-ac71-acaf83ef48ca,2,,2.9,Intel HD Graphics 610,True,35,,668
420c9585-23ca-462f-bf1f-43260f724fd4,2,,3.2,,False,65,,669
ed25ee4c-e63b-4718-89a3-ec638501b5b7,2,,3.7,Intel HD Graphics 630,True,51,,670
f0f23e2c-e1ad-41d5-b5e0-b18749b55c78,4,4.2,4.0,,False,112,FCLGA2066,467
1fd7d2f4-cea4-4b68-bd41-85f284ee0873,6,4.3,3.1,Intel UHD Graphics 630,False,65,FCLGA1151,404
8ddcee53-7a83-4c75-a217-61cf84c8ec7e,6,4.5,3.3,,True,80,FCLGA1151,517
7e31dcad-1760-489a-8831-26de1789f9ab,4,4.5,3.4,Intel HD Graphics P630,False,71,FCLGA1151,671
6c202a10-7182-4c15-9297-427927f972cf,4,,3.6,,False,125,AM3,672
0f21d38a-630e-44f7-8e80-1524e2bb53c8,6,3.7,3.4,,True,135,,673
324db2d2-0c4a-4f15-9792-1bbf47499d22,2,,3.3,Intel HD Graphics 3000,True,65,,674
3adfca51-a48c-4bae-ac54-0fda5b235ddb,2,,2.3,Intel HD Graphics,False,35,,675
6251e129-05e2-4028-981b-a43de6802461,4,4.2,3.9,,True,72,,676
c087cf4d-cea7-4de2-a1f4-9871fed2dc80,2,,3.46,Intel HD Graphics,True,73,,677
43ddc5f6-5f62-4716-b46e-99a1ce7c6945,2,,2.7,Radeon HD 6410D,False,65,,678
c8b68a75-bcc6-4498-b4f3-991485d0359f,4,,3.2,Intel HD Graphics P4000,False,77,,679
acbd2e86-cdbe-4fd4-8358-b12011922424,8,3.1,2.4,,True,115,,680
ef2b7946-52db-4f8d-96ca-2027564e5cd4,2,,3.5,Intel HD Graphics,False,53,,681
d4b7d36f-97db-4428-8999-c9877a8a08ab,2,,3.5,Intel HD Graphics,False,53,,681
cf84d14d-2b1f-4de9-b1eb-4244a575e2ae,2,,3.5,Intel HD Graphics 630,True,35,FCLGA1151,682
7467c55e-dfd0-4a32-9eeb-2b32a942332e,2,,2.4,,False,65,,683
59df772a-bc33-472a-960d-5da1845de790,4,4.7,3.8,Intel HD Graphics P630,True,71,FCLGA1151,636
9531a58f-3774-4204-a6ef-18a0981e9069,2,,2.93,,False,75,,684
84103d26-aa69-4c7c-9747-bf0e58b8d37a,8,3.3,2.8,,False,115,,685
f750be7f-d4d2-4e88-88a5-635ce5123c96,4,4.1,3.7,,True,72,,631
28a84371-e90c-4aaa-8a2c-cb26f5757c3f,4,3.5,3.0,,False,72,,686
9fb2fa32-b6fa-4329-a4b9-32969c0c0390,6,4.5,3.3,Intel HD Graphics P630,False,80,FCLGA1151,687
38106318-0bb6-476c-84d4-2ff6b2ac80a2,2,,2.8,,False,65,AM3,688
2570ed23-bfdf-4748-a251-c07de00440be,2,,2.0,,False,65,,689
c617ebce-b735-4221-a457-f8f2d1aa14d5,2,,2.6,,False,65,,564
c2bcd21e-963e-4d8b-86b2-7d3d88b89591,2,,2.93,,False,65,,690
ee0a5be2-b112-4edf-8a6f-9f4a57213f3c,2,,3.06,,False,65,,691
2b4d12ad-744a-4eb2-b79f-cbbd04562db8,2,,2.83,,False,65,,692
d8d8a325-9aa2-4305-88d6-a7607b3a5fae,4,,3.1,,False,80,,693
8483a14d-7573-4cd8-b879-30ac396992b1,2,,3.3,Intel HD Graphics,False,55,,694
f0d375e8-8f83-450a-9c14-52a88e7a1907,4,,1.8,,False,80,,695
7290e5cc-4835-4b90-9c5b-105057dfb8c9,4,3.5,3.0,,False,80,,696
21329261-4f0a-407e-9387-c5e229f81969,4,3.8,3.5,,True,140,,583
614083d5-2845-4180-ae7e-97bfba1981e1,2,,2.9,Intel HD Graphics 610,False,51,FCLGA1151,490
95c73ef1-3474-40ad-bd19-a500338e7d6f,4,3.7,3.3,Intel HD Graphics P630,False,73,,697
bd4f128a-116f-4149-b76a-90f00a4410c1,6,4.8,3.4,,True,80,FCLGA1151,516
c4a9ddac-7e8e-4efb-87e0-f897a2561a2b,4,3.5,3.0,,False,72,,686
a71d4b7f-412b-4edb-b24b-79d40dff7555,4,,2.5,,False,95,,449
4d9ea3c9-cce0-4c37-8eb3-3143fd87cb7a,4,4.0,3.7,Radeon R7 (on-die),False,95,,698
3ea83c10-2906-45da-b8d6-6f9daae8a276,4,4.5,3.5,,True,71,FCLGA1151,699
ec88f20e-74d7-4498-97bb-845c078811f3,2,,2.13,,False,65,,604
b5a67a4a-f7f0-4c29-8af7-24f0ebd2dd03,2,,3.1,Intel HD Graphics,False,65,,700
ec752a8b-ab07-4ebf-8e64-d9c922dbbc87,4,,3.4,Intel HD Graphics,True,95,,701
80741fe3-3a02-4a5b-999a-ec41f6b33879,6,3.8,3.5,,True,130,,702
23ce9047-d191-4868-b07c-e92297fe43f7,4,3.5,3.0,,True,105,,703
35ff0663-1cb2-4906-b76c-5227933f2d1e,4,,3.3,,True,69,,519
d2522e60-931e-475c-b863-d4e17ba7b478,4,3.9,3.5,,True,72,,704
073e18ef-997e-494a-8d05-94d229c638c9,2,,2.66,,False,65,,705
d13e3306-6411-4de8-b975-1125b8458da3,8,,1.7000000000000002,,False,85,,706
215f929b-49f1-420c-a59a-eda9d8b41be8,4,3.7,3.3,Intel HD Graphics P630,False,73,,697
189346ce-657e-44e9-8af2-59a6ef623454,2,,2.5,,False,65,,707
4d920e2a-f2dd-460a-872c-fa861c93320b,2,,2.6,,False,65,,564
50028c38-e673-4c70-92aa-d5305c9859bf,4,,2.66,,False,95,,503
13085b83-fa89-4e74-b8a7-38eb7269903e,4,,3.2,Intel HD Graphics,True,95,,708
2486a3ff-bcfd-46aa-aded-38e94186e27d,4,,3.5,Intel HD Graphics P4000,True,77,,709
3ed9e960-8824-4923-bfaa-1cd0f24da653,4,,1.8,,False,80,,710
1bc5b42c-3f92-44dc-83f2-34d0e6ffd7e8,2,,3.6,Intel HD Graphics,False,53,,663
3eecc449-aa15-4aa1-b920-a75c271bf1d5,8,3.8,3.2,,False,115,G34,635
5db99c93-012e-42ab-8546-31369e022e0a,2,,3.6,Intel HD Graphics 630,True,51,,711
0c438f37-e97e-4a2a-8b41-e95abf0c8b0f,2,,3.5,Intel HD Graphics 630,True,35,FCLGA1151,682
f5e89861-82a6-4ed7-9996-17749e4e3ef0,4,4.1,3.7,Intel HD Graphics P630,True,73,,613
8c191bd3-c372-405f-bcc9-ccd5c2bbdbfc,2,,2.13,,False,65,,712
08c90fe9-97c7-44c2-873b-07dd35e9e5d9,4,,2.4,,False,82,,713
23efb5cb-b2bf-42e0-b5cf-52a299867743,8,3.3,2.8,,False,115,,685
8331fbb3-a531-4ade-a66c-936f63096d01,6,,2.0,,True,95,,586
13f971ed-78d9-4682-b852-3e62bd2690a6,6,4.5,3.5,Intel HD Graphics P630,True,80,FCLGA1151,665
