PartID,Socket,FormFactor,MaxMemory,MemorySlots,Color
65fdafc5-6a40-4913-b235-dd4104be7ffd,AM4,ATX,128,4,Black / Silver
12b6e79c-a8f5-4096-9a27-17aa48c48189,AM5,ATX,192,4,Black / Silver
17d01bf3-445c-46ed-9613-1ff11a019b35,AM4,ATX,128,4,Black / Silver
cf5163b5-d8f0-423e-ab63-fb72af27c7d3,AM4,ATX,128,4,Black
ff4f834a-5798-47e3-86de-79132aaa2db5,LGA1700,ATX,192,4,Black
ebd76173-bf1f-4ffe-8e1f-9ee9eaa5dd3e,AM4,Micro ATX,128,4,Black
d0ae0384-a662-4f14-8856-4f130d6896c6,AM5,ATX,192,4,Black
ac65c9db-53b4-4f68-a50d-d03909de9e62,LGA1700,ATX,192,4,Black
d5898da2-f423-4cd6-a02b-bd7417be41f2,AM4,Micro ATX,128,4,
07c8bfd0-64fb-41ca-a138-ee72f5e7f480,AM4,ATX,128,4,Black / Red
2e1a5983-89fa-4e79-90f8-c3844403b495,AM5,ATX,192,4,Black / Gray
d041f0ce-5820-41fe-9200-184a8f6e871c,LGA1700,ATX,128,4,Black / Silver
aaf19f2b-e6d0-485e-9519-575ca9e214da,LGA1700,Micro ATX,128,4,Gray / Black
c5f0b340-6d62-4a09-8bec-c5ebbc564a91,AM4,ATX,128,4,Black / White
d329e9b8-dac3-48ed-a166-c55ae7f7bd40,LGA1700,ATX,128,4,Black
90acf8ed-968f-46db-bd08-2cc9a4c3cec7,AM5,Micro ATX,192,4,Black
3090ff87-62a9-4650-8952-a9fe69212cb4,AM4,Micro ATX,64,4,Black / Silver
3ee3c847-a5b7-4725-8478-35c9bd09a2e6,AM4,ATX,128,4,Black / Gold
73653200-8eac-4aa2-a675-ac04157d3338,AM4,ATX,128,4,Black / Gray
6ed192dc-d149-4347-a146-c205d18e324b,AM5,ATX,192,4,Black
930b9a27-e919-4c04-9c83-2f92822f29ed,AM5,Micro ATX,192,4,Black / Silver
723a2d4e-25c1-4071-8cba-8cb16c9a73b8,LGA1700,ATX,192,4,Black / Silver
eb38d6e5-44bb-4ce0-b814-dce24effda45,LGA1700,ATX,192,4,Black
e945418f-6c01-4cc2-8e02-7fa4c7e81096,AM4,Micro ATX,128,4,Black / Gold
103b1793-45d2-4699-b972-9e4d84e064e4,AM5,ATX,192,4,Black
ca5fc46a-e4a0-4f95-88d6-202957f7a03e,AM5,ATX,192,4,Black / Silver
c4e2c061-84ac-487a-85e3-c83e4021c98c,AM4,Micro ATX,128,4,Black
c72f947d-a1b7-4ca5-a092-d0ba81c27739,AM4,Micro ATX,128,4,Silver / Black
9c35af0d-9fd1-445c-8f97-b68eae106229,LGA1700,Mini ITX,96,2,Black
5b452364-b5de-418a-8e83-654a48767c5b,AM4,ATX,128,4,Silver / Black
85e98331-c857-41b7-bf1c-184152e4f5b6,AM5,Mini ITX,96,2,Black / Silver
92c82489-7d2a-49e8-ba6a-f2c9bdee0b25,LGA1700,ATX,192,4,Black / Gray
c3abb9d8-e325-4b9a-acd5-9812c9af81fb,AM4,ATX,128,4,Black
a7cd2df0-711a-49de-993d-ae18d2662bbf,AM4,Micro ATX,64,2,Black / Silver
3a78e78e-871a-476b-9690-850d280fe15c,AM4,ATX,128,4,Black
f422dd0c-10ca-42f5-a84d-71d45a8d8633,AM5,ATX,192,4,Black
2569cc49-c4a4-4bda-8d1f-4a154916ed4f,AM4,Micro ATX,64,4,Brown / Black
8c50b109-0de5-4b33-adf7-3eb3f2b61f34,AM5,ATX,192,4,Black
7f1eec7d-fc60-4fb3-a090-66e8a3dab467,LGA1700,ATX,192,4,Black
94c66b2b-f1d7-4651-be2c-e00f4e5cde4e,LGA1700,Micro ATX,64,2,Black / Silver
e2fb0670-b6fb-4fa2-ae40-4f9eccb30b8d,AM4,Mini ITX,64,2,Black / Silver
4322267f-302a-4aff-b0fa-f52199706412,AM4,Micro ATX,32,2,Black
40f967da-b018-4a69-b08f-d6e52c52863a,AM4,ATX,128,4,Black / Silver
f0590c09-02ad-498f-8382-fbf7181c7b03,LGA1700,ATX,192,4,Black / Silver
525c55af-68c0-438b-a1c0-468d4475b222,AM4,Micro ATX,128,4,Blue / Silver
496acfdb-f7d1-4b88-981a-8a2cf395fa93,sTRX4,EATX,256,8,Black / Silver
1ec13eb3-f10d-461c-909c-51fb0ec60adc,AM4,Mini ITX,64,2,Black
b19a7d11-f682-402e-a2e7-1e3c345cfc40,AM5,Micro ATX,96,2,Silver / Black
9875d3a0-a0b8-439a-b6bd-a0bdc07d77a6,LGA1700,ATX,192,4,Black / Silver
82337fe4-b477-4507-9d55-f311c78c339a,LGA1700,Micro ATX,128,4,Black / Silver
415a83d1-ad98-48f6-afc2-150109f1b73a,AM5,ATX,192,4,Black / Silver
91ac6e96-c93f-436c-87eb-09a1d9967a9f,AM5,ATX,128,4,Black
00646862-80ef-457c-8053-5629db93503d,AM4,Micro ATX,128,4,Brown / Silver
91232a0b-3717-49b5-8acf-06b28784cda6,AM4,Micro ATX,128,4,Black / Orange
85ed9a3a-fb61-4558-af83-ff9514eeba56,LGA1700,ATX,128,4,Black / Silver
e78234b0-7828-4475-90ba-1b5f475423c0,LGA1700,Micro ATX,128,4,Black
10b4d830-b241-4b1c-9059-8b38461afffd,LGA1700,ATX,192,4,Black / Gray
ae8a3ddb-4929-4123-86a6-4461e40e95ee,AM5,ATX,192,4,Black / White
6e912f02-4094-4a64-b2a2-2e7b6c17831c,LGA1700,ATX,192,4,Silver / Black
7f8eac52-15cd-4b15-8008-b1190095d3ca,AM4,Mini ITX,64,2,Silver / Black
9ff51370-4b0b-4af1-8ced-2bb65521089b,LGA1700,ATX,192,4,Black / Gray
70018f7f-90b2-448c-8bf7-be7f60261d93,AM4,Micro ATX,64,2,Black
80cd9493-dbe3-4bdb-a1c5-8f29a35aa958,AM5,Mini ITX,96,2,Black
65f7d5bc-314f-4f0a-a27a-0728200ab2d6,AM4,ATX,128,4,Black
cb65acf8-c816-4421-8edb-b31f1ec824c8,AM5,Micro ATX,192,4,Black
0491af93-a85c-4fed-8ec1-a5ee1f817849,AM5,ATX,192,4,Black
d84e6a23-d67f-4063-8d1b-1f761e1558ab,LGA1700,ATX,192,4,Black / Silver
ee3584e0-3f63-4c38-b1cc-d973f5e6c3e0,LGA1700,ATX,192,4,Black / Silver
4b8571f2-d60e-4656-8d78-6e0cc09ebdf2,AM4,Micro ATX,128,4,Black / Orange
48191a91-79e8-4429-9b6f-99d226d93a18,AM5,Mini ITX,96,2,Black / Silver
0a42ff0a-804f-4f07-ba00-da6296ec6dea,LGA1700,ATX,128,4,Silver / Black
04bc6ef4-91e9-4741-854d-7ad8cd712188,LGA1200,ATX,128,4,Black / Silver
221cef59-6866-4a95-9cc7-5ddf38ca26b9,AM5,ATX,128,4,White
a50637d9-d7a7-430b-8cbb-8798e731c5b2,LGA1700,ATX,192,4,Black
39ddd63f-c6b7-489c-b077-9e811eece716,AM4,Micro ATX,64,2,Black
f37e2383-cc02-4c45-80eb-d87e266f34c2,AM5,Micro ATX,192,4,Brown / Black
b92f9398-c457-4d35-82e4-7ccf7a2ea05f,LGA1700,ATX,128,4,Silver / Black
ec1998fa-cf46-4f56-a483-56eb70554334,AM5,Micro ATX,192,4,Black / Silver
4f2e1146-8223-4580-aea0-c6057d73a5a9,AM4,ATX,128,4,White / Black
196795a7-f489-4d2c-921f-4c2a151d896b,AM4,Micro ATX,128,4,Black
55ec1cf8-bd93-49d6-880a-6dc1e9ed8874,LGA1700,ATX,192,4,Black
c939d303-dc4a-450c-829d-b412b0e51eff,AM4,ATX,128,4,Black / White
763889f1-c67f-4b57-8299-ff0909044e20,LGA1700,Mini ITX,64,2,Silver / Black
7468fe9f-328e-4a60-9d9e-234474165fe9,LGA1700,ATX,128,4,White / Black
5ca81a72-7933-4164-8183-291cb95def8f,LGA1700,ATX,128,4,Black / Silver
f2c8b58e-eed1-49e9-90cd-94036871d651,LGA1700,ATX,192,4,Black
5a490399-022d-419b-a030-6f34f5aec518,AM5,ATX,192,4,Black / Orange
801dbe1d-f4d9-447d-acdb-e23061f3ad00,AM5,ATX,192,4,Black / White
b80ef0e5-7572-409c-b566-a560734cc682,LGA1700,Micro ATX,192,4,Black
4ac0d7f2-c280-4000-bedf-e714053c73e5,AM5,Micro ATX,192,4,Brown / Silver
b93b1e0e-9629-4fbf-9edd-45499395ba36,LGA1700,ATX,128,4,Silver / Black
10a513de-342f-4a9b-b71e-41ac19bbea26,LGA1700,ATX,192,4,Black
ac48e48d-436d-4a10-aa86-11b2190a943c,LGA1200,Micro ATX,64,2,Gray / Black
18ced1ab-5e63-41ef-9f06-f631d385019d,AM4,Micro ATX,32,2,Black / White
00fa26f8-a81c-44e6-9e16-fd96a684291c,AM5,ATX,192,4,Black / Silver
fe561bbb-344d-4337-828c-19b5d03906f2,AM4,Micro ATX,128,4,Black
93c9c322-d324-4e25-a30a-177cb0aca5bc,AM5,ATX,192,4,Black / Silver
932d07c5-2c52-4da7-ad42-a5a811ce85cf,LGA1700,ATX,192,4,Black / Silver
e9505d92-be91-467e-92f3-f09c610d5619,LGA1700,EATX,192,4,Black
043f6ab5-d432-4ddc-9d0f-3d2d051cd0fb,AM5,Micro ATX,192,4,Silver / Black
c358d499-b180-45a1-a2ef-500378cb1d42,AM4,ATX,128,4,Brown / Black
d1b0baba-ef4e-44ca-835d-7d5f9361d87d,AM4,Micro ATX,64,2,Black
f8cc2828-8ba5-4a3f-b418-e02cd0293ccb,AM4,ATX,128,4,Black / Silver
833810ba-6169-4176-94a5-c018d03836c6,LGA1700,ATX,192,4,Silver / Black
743c0aee-19a3-4c2a-b9db-8c05eb9c8dff,AM5,ATX,192,4,Silver / Black
7f4a546a-c0b7-4bc3-850c-69f0a9315bf8,LGA1700,Micro ATX,192,4,Silver / Black
c61355bd-4ee4-4f56-9de4-f24bbd632dbd,AM4,Mini ITX,64,2,Black / Silver
8bf7f86c-bf88-45ac-bed7-007d2a826cb4,AM4,Micro ATX,128,4,Silver / Black
d02e15a1-15d8-4b7b-85be-f7d99ed146db,LGA1700,ATX,192,4,Black
983955ff-ba64-4280-89fd-be2d36b547ec,LGA1700,ATX,128,4,Black
50bb1459-5fab-4310-8491-177923db5228,LGA1200,ATX,128,4,Black / Silver
84cbd753-2d73-452c-a482-e7cea5aa3fa0,AM4,ATX,128,4,Silver / Black
d82413b8-dec0-4c89-8140-c6de8547e4f6,AM5,ATX,192,4,Black
c715b58a-9088-4467-b14e-95de69f1a079,LGA1700,ATX,192,4,Black
e4aa1eb3-1e2e-4672-a95a-f71d3370a949,LGA1700,ATX,128,4,Black
56073a89-1ae1-47e5-b8b5-ebc29f414366,LGA1700,Micro ATX,64,2,Gray / Black
5e6fb5f3-844d-4830-933d-964cd005157b,LGA1700,Micro ATX,128,4,Black
b24bb23c-4d9a-4e6d-b74b-d9cdeb44678f,AM4,Micro ATX,128,4,Silver / Black
0ef7ca6b-415d-4222-9851-1d2d5bbad7fe,AM5,Micro ATX,192,4,Black / Silver
41df0234-9955-471a-b6a7-b7b6cbf2cdd1,LGA1200,Micro ATX,64,2,Black / Silver
5003c962-cd5d-4eb0-9fb6-70d130771b9e,AM4,Micro ATX,128,4,Black / Gray
7aafcbd5-b911-4907-8e02-50eca75ad358,AM5,ATX,192,4,Silver / Black
ead8ec61-fea2-4b69-9a86-885e87d848d5,LGA1700,Micro ATX,192,4,Black / Silver
c0da7095-47a3-4652-8ecd-18e6533edc62,AM4,ATX,128,4,Black
4b5527ce-c781-4de0-a265-574be0278f24,AM4,Micro ATX,128,4,Black / Silver
3f59074b-2715-448a-a58f-b11df12c5d59,AM5,Micro ATX,96,2,Black
f77c229f-e402-4eec-975f-844f790c5a51,LGA1700,ATX,128,4,Black
4f02cbfa-cab9-494b-9dc0-37b8a285eebc,AM5,Mini ITX,96,2,Black / Silver
d26b829c-fabc-42f5-8108-635e33d4383d,LGA1151,ATX,128,4,Brown / Black
87b775d9-f2d4-4e63-8dd5-3b86f15d5edd,AM4,Micro ATX,128,4,
8dc62ac3-5574-41a4-a89d-1bd177db17cc,LGA1700,ATX,192,4,Black
f1cd7d9e-4663-4e42-88b6-f4fbd4d2772d,LGA775,Mini ITX,4,2,Green / Blue
7cbac893-9434-499d-bf36-4e9310e59fd2,AM5,Micro ATX,192,4,Black
4e043f0c-a310-4bc1-8d8d-5583d779b327,LGA1700,Micro ATX,192,4,Silver / Black
852649ff-0e8e-41f3-8776-0049af8a1499,AM5,ATX,192,4,Black
d508afc8-f604-4ed1-8e95-729ac0a37380,AM4,Micro ATX,64,4,Black / White
e2f11101-8e3e-469c-99ec-f96f23873dcc,LGA1700,Micro ATX,128,4,Black
eba90479-bbb3-4045-985f-2e9df1fcfbeb,AM4,Mini ITX,64,2,Black / Silver
076e50b4-3944-4b88-acfa-beecef7ea0f4,AM5,ATX,192,4,Black / Copper
328cbb46-62ea-4a05-b765-ba3de5c91624,AM5,ATX,192,4,Black
843384fd-3608-448b-bf68-728abc87765a,AM4,Micro ATX,128,4,Gray / Black
cb2355f8-32b0-438a-bdb8-594c0aa3125b,LGA1151,ATX,128,4,Silver / Black
1c9ab1bf-1b6d-493e-8418-73b0e44c7dd6,LGA1700,Mini ITX,96,2,Silver / Black
01a42a62-9a8e-448f-9cec-6e440dfd831d,AM4,ATX,128,4,Black / Silver
ef3f2029-07bc-4180-9313-291df11cf2d0,AM5,Micro ATX,192,4,Black
3cc15869-576a-4de2-a7f9-80b9d9eafde2,AM4,ATX,128,4,Black / Silver
dcb7fb6b-5ff1-4fb0-a85d-e177d07a31a5,AM4,Micro ATX,64,2,Black
c58413e1-0fa8-456d-b342-f5a3b8f2724e,AM5,Mini ITX,96,2,Black / Gray
66d809b5-0f70-4ceb-884f-71c0e1331736,LGA1200,ATX,128,4,Black / Silver
9bcf8476-9209-415d-a2e7-477cce5f357e,AM4,Micro ATX,64,4,Black
fbc6c868-9123-4f47-a9b2-a1a45b4deb7a,LGA1700,Micro ATX,64,2,Brown / Silver
b9c70607-8676-489f-8f68-b3b67a20b26b,LGA1700,Micro ATX,128,4,Silver / Black
7317b45a-3c41-4b9b-957d-9824ccec5a4a,LGA1700,ATX,192,4,Black / Copper
c4e58239-f257-41c8-a568-80e6c684dc1c,LGA1700,Mini ITX,96,2,Silver / Black
349cdfba-7761-4f91-8f15-bbb08c255d43,LGA1700,ATX,192,4,
1cc90e9d-e08b-4be7-8940-b0241bc2318a,LGA1700,ATX,128,4,Silver / Black
5804c6d7-0fa6-4236-a392-358082893f24,AM4,ATX,128,4,Silver / Black
c20fe99d-d8da-4a64-b08d-ade9cf6e7293,LGA1700,ATX,192,4,Silver / Black
b1abaff9-45b7-4814-afa3-0569b80063c6,LGA1700,Mini ITX,64,2,Silver / Black
d3d863f1-c8a8-431b-9b1c-e61d04a3e13e,AM5,ATX,192,4,Black / Silver
1d2bc367-7bb1-4084-8112-100a8e6914d0,LGA1151,Micro ATX,32,2,Black
1f8765b0-4266-4034-bc5a-aa826e679ad9,AM4,Mini ITX,64,2,Silver / Black
03b9d775-c084-4bb3-9dcf-a93d5414cc64,LGA1700,Micro ATX,128,4,Silver / Black
545af823-d55b-4027-99a5-19e528d4231d,LGA1700,EATX,192,4,Black / Silver
9226632b-0169-47ee-81dc-aa94830079bf,LGA1700,ATX,192,4,Black / Silver
9cb1b19d-ec4b-40ce-9523-1ded7b50ec1c,AM4,Micro ATX,128,4,Black
4f4e02a1-9df2-4334-9c06-0f68d43fcfaf,LGA1700,ATX,128,4,Black
26241f8e-03fd-4585-a71b-7e08dfffe41c,AM4,ATX,128,4,Black
c4e15bae-b270-40e1-9c5c-30649fc42369,AM5,ATX,128,4,Black
dae1cec7-6b9c-4941-b684-e0b0baa39f17,AM5,EATX,192,4,Black
6cf10862-dc29-4da2-b5e7-3a5d81db8f83,AM4,ATX,128,4,Silver / Black
8159154b-487d-4b7e-86bc-58d7efe7a42f,AM4,Micro ATX,128,4,Black / Silver
7d6330a0-80ef-4680-a740-a5757d3a7374,AM5,ATX,192,4,Black / Silver
e2ea8302-01cd-482f-8e74-af2bae010848,LGA1700,Micro ATX,128,4,Black
5f491404-c613-4e18-a5f7-671b932ca214,AM5,ATX,192,4,Black / Blue
065848f7-518c-4d5d-9464-6c8f001cd592,LGA1700,ATX,128,4,Black / Silver
38dd832e-270a-43f7-9554-d31efdb741c2,AM5,ATX,192,4,Black / Silver
fb1414c5-b365-4063-bb49-19ce95a89568,LGA1700,ATX,192,4,Black
0bf53cb0-97d6-489f-87c1-6e3e8292e5dd,LGA1700,Micro ATX,128,4,Black
5dbfd613-c40e-4783-b248-9aa2489fdc95,LGA1700,ATX,128,4,Black / Gray
ecc91395-3226-4082-afcf-8a09c80e586c,LGA1700,Micro ATX,128,4,Black / Orange
f7c62d30-2f65-4685-b188-73f66e7c1da4,LGA1700,Mini ITX,96,2,Black
4b98461b-f962-4303-bc73-cf28186ba199,AM5,ATX,192,4,Silver / Black
36601263-7a44-4811-8d86-fe71e1f78a64,AM4,ATX,128,4,Black / Silver
58f7eadb-cb62-4c75-a8d8-0aabcfde5d78,AM5,EATX,192,4,Black / Silver
a688a25f-0f9e-4631-a319-d22f4a14804d,LGA1151,ATX,128,4,Silver / Black
f0dad852-959e-4f1c-b9cb-fd2fec8391b9,LGA1700,ATX,128,4,Black / Silver
8b04ad06-e4d0-44b0-bfcb-be0db6ef2686,AM4,ATX,128,4,Red / Black
ce065431-9f56-4439-ac74-91881e39c0be,LGA1700,ATX,192,4,Silver / Black
293a373d-cf3c-449c-8e60-e7f72b6489db,LGA1200,ATX,128,4,Silver / Black
b674b003-cc98-40cb-b94a-14e3308f7a62,LGA1700,ATX,192,4,Silver / Black
aabc6875-d57f-4650-8453-c0a8a2cb2523,LGA1700,Mini ITX,96,2,Black / Silver
b328c7d8-fd1c-44fe-ad85-3d80dff9173f,AM4,Micro ATX,32,2,Black / White
75cec0f8-8954-43ca-8f5f-ec1f4a9c36e1,LGA1700,ATX,192,4,Black
df68242e-0975-47bc-a1ad-a44a2cc44a96,AM4,Micro ATX,64,2,Brown / Silver
321f64b3-1248-4684-b892-368b66006e53,AM4,ATX,128,4,Black
9c10539a-69b1-4198-a483-cb193738600b,LGA1700,ATX,128,4,Black / Silver
455f54ef-8154-472b-b674-c071c5d13b41,LGA1151,ATX,128,4,Black
b10b249e-c572-43bf-8ab4-67db4b5d9bd9,AM4,Micro ATX,128,4,Black / White
dd0a6f24-9111-4372-8468-7cdd0f768ba4,LGA1700,ATX,192,4,Black
f317f672-37d2-4e77-af89-6b954d0b81f1,LGA1700,Mini ITX,96,2,Black / Silver
b10a6065-19a3-4921-be57-30dcb37be49d,LGA1700,ATX,128,4,Silver / Black
d4066d76-0a14-4fc5-ac0d-fd5aaddb5de8,AM5,EATX,192,4,Black / Gold
44b179fd-4e84-4512-83cf-d4e687ae0b5b,AM5,ATX,192,4,Black
4d5e2fd3-5a46-438e-a416-d2d55ce19578,LGA1700,ATX,128,4,White / Black
a4ff4d85-46ad-426c-ba7c-a0fddd7173ea,AM5,Micro ATX,192,4,Black
49af64d2-935e-4917-8e46-f7963a91a7d8,LGA1700,Micro ATX,128,4,Black
bdc6f493-2bac-4770-a2fc-a7ad6f4d55b8,LGA1700,Mini ITX,96,2,Black
9e3170d9-6e03-4cc8-bc6a-25bfaf7a331c,AM5,Mini ITX,96,2,Black / Red
64df9c16-ee7f-495f-9ccf-1adcc3a5e666,LGA1700,Mini ITX,64,2,Black / Gray
5e623354-df49-4284-b352-8981baf179a5,AM4,Micro ATX,64,2,Black / Silver
83dca2ce-9741-40c8-8852-943c6720287e,AM5,Micro ATX,192,4,Black
e9bde6c7-4e20-4366-90c6-79630536e6a9,LGA1700,ATX,192,4,Black
594d54db-a597-4721-a199-476b06d1db7d,LGA1700,Micro ATX,64,2,Silver / Black
0f51242c-3960-43e2-b3a2-cc594846f4a3,LGA1700,EATX,192,4,Gold / Black
5ac736fe-511c-4f6e-902e-e6352adc37e4,LGA1700,Micro ATX,64,2,Black / Silver
2ac81723-f44b-4890-8010-19ced88e8172,LGA1200,Micro ATX,128,4,Silver / Black
ddee7fcc-6634-4572-9ad1-fb6e66b5c91f,AM4,ATX,64,4,Black / Silver
67205115-9762-467f-af0a-ff9b00779a31,LGA1700,Micro ATX,64,2,Black / Gray
3c34f77d-9c1b-444b-83a6-77fc2279062c,AM5,ATX,192,4,Black
95e4b476-c807-4baf-94c4-29ac34f333d0,LGA1700,Micro ATX,192,4,Black / Silver
4966aaf1-32f5-403e-9414-1863882bb93c,LGA1700,ATX,128,4,Black
9472a04c-c76f-46f7-a54c-5640d82663e1,AM5,EATX,192,4,Black
018c2279-5c13-4b59-a4bb-27be08f14f97,LGA1700,ATX,128,4,Black / Silver
25d43480-dadf-45b4-a31c-45e85afec49d,AM5,Micro ATX,192,4,Brown / Gray
3cedc801-dfbf-4463-b32b-21a5289a5c52,LGA1700,ATX,192,4,Silver / Black
eb03ca95-97fb-43e1-a57f-4076cced064c,LGA1700,Micro ATX,192,4,Black / Blue
de4e0fd0-9740-4c3a-a4e9-5fe8b6d84627,LGA1700,ATX,192,4,Black / Silver
64b49f0a-89f7-4c34-8e99-246dd54fe10d,LGA1700,ATX,192,4,Black / Orange
48e4b027-42c0-4aa7-8b16-c7420b9cb274,LGA1700,ATX,128,4,Black / White
3d1c4375-3a7a-4880-84d4-36238b36e2cd,AM4,ATX,128,4,Black
e50da2a5-43af-4e0f-9bba-069fb4bf20f0,AM5,ATX,192,4,Silver / Black
11613edc-7f78-4556-a432-4a92fa61a54f,LGA1700,Mini ITX,64,2,Silver / Black
19cec3d9-574c-4a83-a0ff-34fbc5fcc9ae,LGA1700,ATX,128,4,Yellow / Black
86562d46-5c32-4b73-b229-c46d3a8197ec,LGA1700,ATX,128,4,Black / Silver
41bc3d89-6a06-4b3b-af61-5bea0d94a209,AM5,EATX,192,4,Black / White
449cac98-68b6-42c2-bf5f-4ccb65f4c588,LGA1700,ATX,128,4,Black
1d658ba6-7a8b-4d27-8b00-d3906cbc82f7,AM5,EATX,192,4,Black
b7eb7ae2-66f6-4bb5-a887-807294c7e83d,LGA1151,ATX,128,4,Black / Silver
9fc99951-abe1-49c5-9516-4dafee381c6d,LGA1700,ATX,128,4,Silver / Black
bb7928e9-fbfb-4a37-b639-1bab10df9bbf,AM4,Mini ITX,64,2,Black / Silver
728f8049-175d-4967-a741-040ada26251f,LGA1200,ATX,128,4,Black
00b54e1d-d96c-403a-a327-34b95624a347,AM4,ATX,128,4,Black
b07e6b0e-9ee7-4606-bb11-29253f6e0b4e,LGA1700,Micro ATX,64,2,Silver / Black
bf5dad76-bcfb-4732-a421-52f5170b5c83,LGA1700,ATX,192,4,Black / White
05440c57-c1b2-4dc7-880f-d98b9336ab5f,AM5,ATX,192,4,Black / Silver
7952e985-0c74-4266-8b92-ec8abaf78421,AM4,ATX,128,4,Black
8cf1df98-3f03-4562-93c0-34af689959d3,AM4,Micro ATX,64,2,Black
4be64679-6daf-4452-a4a8-816720454336,LGA1700,Micro ATX,192,4,Black
245bb653-3e66-4d26-92d2-62a0077b425f,LGA1700,ATX,128,4,Black / Silver
d110d393-d6a6-4453-a7d0-34499ff007b8,AM4,ATX,64,4,Black / Silver
6c2ae052-7514-4756-8e1b-264cc99523d4,LGA1700,ATX,128,4,Black / Silver
9323ebad-7488-41d7-be0d-03120ef6889d,AM5,Micro ATX,192,4,Black / Orange
66ad5e3a-6aae-444f-b4ff-3b54a5c14dc2,LGA1700,Mini ITX,96,2,Black / Silver
96a65ebd-2525-4c4f-8867-21354e5a2267,AM4,Micro ATX,128,4,Black / White
2737ae98-7894-43ac-9ffc-04422c766c95,AM4,ATX,128,4,Black
63b2d992-6336-4e7b-a0f9-5eb230ed71fb,LGA1700,ATX,128,4,Silver / Black
cf6dd684-b167-48e1-be7c-419d7b4799a6,LGA1700,ATX,192,4,Silver / Black
e1995494-02e9-47e2-8cf9-1223da12f805,AM4,Mini ITX,64,2,Black
e6bbd5d2-8370-4ef9-bb56-d6988e5e8654,LGA1700,ATX,128,4,Silver / Black
df6d6597-096c-4f3b-8f40-9ab0012bbc52,LGA1700,Mini ITX,64,2,Silver / Black
f05936fa-cdbe-49b2-ae2b-fadf39e41d72,AM4,Micro ATX,128,4,Black
88894d2f-5d3a-4004-939d-6e6f487dec3b,AM4,Micro ATX,128,4,Black / Silver
d9a87cc8-972c-47a0-b10e-5becbe04093c,LGA1700,ATX,192,4,Black
0a97b48f-d2df-4220-90ff-4ec2a85dd23f,AM5,ATX,192,4,Silver / Black
976d42a5-4e01-4ede-a923-9e99f7f3b31a,LGA1151,ATX,64,4,Black / White
85f2f334-3a4c-44c3-97d3-95a91ba76829,AM4,Micro ATX,64,2,Black
a9813163-7247-4bea-91b1-f58d228dc6dc,LGA1700,Micro ATX,128,4,Silver / Black
ce8cdada-e061-41ca-bba7-18f3316d52cc,AM4,Micro ATX,128,4,Black
84ae79c1-e485-4c50-a09b-79b4b606aa89,LGA1200,Micro ATX,64,2,Black
63ddf060-1d08-4506-b251-801db908599b,AM5,Micro ATX,96,2,Gray / Black
a5fd237a-cef5-4b1a-ae20-ac45f1bf4ba3,AM4,ATX,64,4,Black / Silver
0cac9c40-b9f6-4d47-8946-15adf7640db4,AM4,ATX,128,4,Black / Silver
f276708f-443f-40d4-82b5-34fba5290b65,LGA1700,Micro ATX,192,4,Silver / Black
30932cd6-d2a7-40a3-8b43-612a5f335ca4,LGA1700,Mini ITX,64,2,Silver / Black
45945d86-a034-4b4d-a306-786c2ba7c4c8,AM4,Micro ATX,64,4,Black
b06d3b43-61a8-473c-926f-3926cb9b8702,AM4,ATX,128,4,Black / White
3e19331c-ef13-4097-a979-c1c586003c59,LGA1700,Micro ATX,192,4,Black / Orange
e087b6e2-0453-444b-8cf2-d689006fe951,AM4,ATX,128,4,Black / Silver
cd6cf77b-207a-4561-b741-19c3e99f971c,AM4,ATX,128,4,Black / Silver
25f4f1dd-b704-4da2-b9b3-32556299e767,LGA1700,Micro ATX,128,4,Black / Silver
8d58fbf6-9624-4533-8161-e9f461cf0bd3,AM4,Micro ATX,128,4,Black
aa11e50b-8f1c-4782-8d9d-8c17e0a25ea1,LGA1700,Micro ATX,128,4,Black
3f650eb4-18fa-450b-a136-23f193ded700,AM4,ATX,128,4,Black / Orange
d254fc84-7cfd-4430-bd8d-9d086f803f3b,LGA1700,ATX,128,4,Black / Silver
7c2c9777-6e63-4477-b308-7daa6827068e,LGA1700,Mini ITX,64,2,Black
c62df2c2-6696-4d87-955f-0d83c77694a9,LGA1151,Mini ITX,32,2,Black / Silver
0726b3e5-aa92-4d1c-8095-d0a3fa9f0793,LGA1700,ATX,128,4,Black / Silver
c4726f89-befe-4539-b064-e9a7b493586c,LGA1200,Micro ATX,64,2,Silver / Black
277eb112-08db-4f6a-bdd3-64872fccc82f,AM5,ATX,192,4,Black
2fd025a4-155e-4db0-95b9-1e4ffdaad184,LGA1700,ATX,192,4,Silver / Black
6105d06a-f172-4f85-bbfe-96b191888fc7,AM4,Micro ATX,128,4,Black
0f7776fd-99a3-4433-b236-dd6bccff789f,AM4,ATX,128,4,Black / Silver
44595481-757e-40ea-9776-1ea91b548eff,LGA1200,ATX,128,4,Black / Silver
40edee0d-2fcb-4541-8d28-d0c9ba88028f,LGA1700,ATX,128,4,Black / Gray
dc837f6f-027e-4e8a-90fe-9b7af36ed120,AM4,ATX,128,4,Black
3dc5cf4d-4924-45ee-814e-094f3ab50ecd,LGA1200,ATX,128,4,Black / White
7e36bd5c-dfa3-4655-b189-b9cb3880c9ab,LGA1700,Micro ATX,64,2,Gray / Black
4aaac282-77bc-4c84-a548-eea690a159bd,LGA1700,Mini ITX,64,2,Black / Gray
29ddb6d4-68fe-451b-b72d-4673bf4b71b6,LGA1151,ATX,64,4,Black / White
c431a38d-614e-40de-8203-95d57d1cfbd5,LGA1700,ATX,192,4,Silver / Black
954233cc-5726-449d-808c-e69aae26cbfb,LGA1700,Micro ATX,192,4,Blue / Silver
05b84194-289d-41c3-ab3b-1275d5fb7a3d,LGA1700,ATX,192,4,Black / Silver
7c856ffb-c0ac-4347-a26f-77484f5e6d49,LGA1700,ATX,128,4,Black / Silver
1614220b-c43b-4251-8b99-4d9f46aaa5d1,LGA1700,ATX,192,4,Black / Silver
ad18de18-d58b-4793-b983-23f71ec41158,LGA1700,ATX,192,4,Silver / Black
3db5ef9d-f850-4e7f-90ca-a49ac4a8add5,AM4,Micro ATX,64,2,Black / Silver
3d058a0b-eb3f-415b-bacd-ebafc9ed68fe,LGA1700,Micro ATX,128,4,Silver / Black
32b740b6-1fcc-4b5d-af38-832045bf944d,AM4,ATX,128,4,Black
8fcdeb2d-4560-463b-b2db-e1ed56c207d0,LGA1151,Micro ATX,32,2,Black / Gold
1e78caa3-7bcd-40b0-9a74-022c1a52aa14,AM5,ATX,192,4,Black / Silver
8d881e70-6895-45a8-86f8-1861ee8728f4,AM5,Micro ATX,96,2,Black / Silver
df86a15b-f936-42a6-96fa-008709d60996,LGA1151,ATX,128,4,Black / Silver
c00fbf3e-44ea-4b2d-8cac-dcfece6fbe18,LGA1151,ATX,64,4,Brown / Black
a0bbf3e2-ebc0-4245-93df-4b2f5e6849a6,LGA1700,Micro ATX,128,4,Black / Silver
e41d6fa7-1f0c-4e7e-862c-0303678effc9,LGA1200,ATX,128,4,Silver / Black
a673699d-3398-46c3-bb4e-6b7017b33e77,LGA1700,ATX,128,4,Black
0685ad4d-ca3f-41a0-a210-562816f8d86b,LGA1700,ATX,128,4,Black
62a8e527-f676-4b52-aab1-857e91e82af6,AM4,ATX,128,4,Black / Silver
41465016-3b8e-4758-be63-56afe45d8a4c,AM5,Micro ATX,96,2,Gray / Black
ae37fac4-8909-42b3-884b-0afb3d2e1742,AM4,Mini ITX,64,2,Black / Silver
d524a1b2-1129-4844-97ab-2ee508831ab7,LGA1700,Micro ATX,192,4,Brown / Gray
52847fb0-335f-4987-92fd-c02750c414b8,AM5,ATX,128,4,Black / Silver
5f0dc739-18da-4e7a-b9c7-9582d6561b5b,LGA1700,ATX,192,4,Silver / Black
efc55f4b-b8f9-4ab2-bbfb-b4875d6daef6,LGA1700,ATX,128,4,Black / Silver
eafdeaf5-b964-400e-8013-0e3323b46af9,AM4,ATX,64,4,Black
0c64a387-3c42-41f8-b5c4-db6cee606ea8,LGA1700,Mini ITX,96,2,Black
858e9d5f-ca42-4d8c-8ad4-a50953c4b3bc,LGA1700,Micro ATX,128,4,Black / Orange
8f882a75-7344-41dd-9bdb-f996b4744fed,LGA1700,Micro ATX,128,4,Black / Silver
d9d2bad0-1e8e-427a-b8cc-a0bd62f5df74,LGA1700,ATX,128,4,Silver / Black
74e2f1b8-c182-4187-bff7-220d93300d2c,LGA2066,ATX,256,8,Silver / Black
110686d8-bd76-45e1-afc1-f7a51469c988,AM4,ATX,64,4,Brown / Black
81c5f834-7909-49ca-bc3a-36752b772c96,AM4,ATX,128,4,Silver / Black
4ba7b31f-4255-4ba5-a63d-e1ce9d4c8734,LGA1200,ATX,128,4,Black
1a44580d-d861-4d75-8b3a-6329a8b65b86,AM4,ATX,128,4,Black
ac125930-8e8c-4653-877e-a619c3c32aa3,LGA1700,Micro ATX,128,4,Silver / Black
3d79ae35-78bf-4bf7-a86b-3040c952796a,LGA1700,EATX,192,4,
f327de0c-8518-4391-b6ba-8295b3465892,LGA1700,ATX,192,4,Silver / Black
17133183-635d-4b0f-8fed-047ad988555c,AM4,ATX,128,4,Black
ad8788cf-0237-4cee-b5b3-2cc7e93fb7cd,LGA1700,ATX,96,2,Black / Silver
520a1815-55f7-48b3-b275-7ef39ad0aadd,AM5,ATX,192,4,Black / Orange
e5a30e14-bf26-43b6-8407-6bee99bc322e,LGA1700,ATX,128,4,Black
73ba8389-e9be-4c9e-b8c7-20f7b5e5e2a0,LGA1200,ATX,128,4,Silver / Black
2c804d1e-b225-4594-b910-84f57d35914f,LGA1700,ATX,192,4,Black
f8f6e6d1-b473-42e6-82d4-7a54ff3d526c,LGA1700,ATX,192,4,Black / Silver
f570d950-8515-44a6-b56a-f34d69b99802,AM4,ATX,128,4,White / Black
3b745d15-266f-4c63-9065-ede6f9ee4ac7,LGA1700,EATX,192,4,White / Black
9c72ae0b-4593-42d8-949d-59b2a488223b,AM4,ATX,128,4,Black / Gold
acc49ede-5899-4e38-8e90-4e772addc72d,AM3+/AM3,Micro ATX,64,4,Black
25c1cae8-2f98-4d12-bac8-56069f4bf2f4,LGA1700,ATX,128,4,Gray / Black
6f9f0af6-6a5e-43fd-9bc5-8b210d78cd23,LGA1700,ATX,128,4,Black / Silver
f07a6d0d-46ec-4e65-88ec-a053289443ac,LGA1700,Mini ITX,96,2,Silver / Black
ee2b328a-ce31-4635-b844-8cb9b0a8bcee,AM5,ATX,192,4,Orange / Black
236c35a0-201e-4349-88a1-15acfbec3525,LGA1200,ATX,128,4,Black
a2cf180a-b22d-4da2-9413-7ae08569a800,sTR4,EATX,128,8,Black
f61b47fb-842a-47a6-8555-4d326b0bfd33,LGA1700,ATX,128,4,Black
8108c267-08c3-402e-89ee-900a2478cf7e,LGA1151,Mini ITX,64,2,Green
3e83a789-2ece-4244-a96c-3939fba48785,AM4,Micro ATX,128,4,Black / Yellow
6ab0f741-b871-4583-8b20-3454a80550c2,AM5,ATX,128,4,Black / Copper
f51a8585-339f-4a6a-b0a1-d2d41fa31c34,AM5,ATX,192,4,Black
06ab694f-377b-423d-bb57-6440a2598562,LGA1700,Micro ATX,64,2,Black / Silver
198623a5-d7ba-4637-8cbf-7742911be546,LGA1700,Micro ATX,64,2,Black / Silver
26813df5-0c41-48bf-bbcc-0659bff1219c,LGA1700,Micro ATX,64,2,Silver / Black
2153706d-3570-4543-9c35-41d5c50d1e20,LGA1151,Micro ATX,64,4,Black
953429c8-c9b2-4fc2-904a-94e45deb513f,LGA1700,Micro ATX,96,2,White / Black
ac08ff39-caae-42d9-b47f-d94563c0f086,LGA1700,ATX,128,4,Black
f59b4992-5d2f-4803-ba93-72d0a5240358,LGA1700,ATX,192,4,Black / Silver
3530b5b4-a06b-49c8-9aad-2d27c9c83235,LGA1151,ATX,128,4,Black / Silver
9efdd809-0dee-43d4-8f19-929e88942086,LGA1200,ATX,128,4,Black
b963a9e0-9e0e-4f19-bc11-4f021f83a326,LGA1151,Micro ATX,32,2,Black
764c08ac-b5ca-4352-a898-64d562b60f97,AM4,Micro ATX,64,2,Black
f190187e-3d82-4146-a091-c8039c9b3c35,LGA1700,Mini ITX,96,2,Black / Silver
ee7861fd-0267-47d5-b048-e4ea1ab35181,LGA1700,EATX,192,4,Black
335aff5b-c214-49f5-8707-20e1468324d3,LGA1200,Micro ATX,64,2,Black
c23ab78f-fd39-4f9e-836f-a7b391185c46,AM4,ATX,128,4,Black
812554b3-b139-46b3-b20d-559b291c83f7,LGA1700,ATX,128,4,Silver / Black
889af0d5-e404-4fcf-bf72-2466d734bacd,LGA1200,ATX,128,4,Silver / Black
6ee934c6-ac99-4832-98a1-d78c18fdad6d,AM4,ATX,128,4,Black / Orange
e922c988-2286-4b1a-aeca-093533118494,AM4,ATX,64,4,Black / Silver
baa765e4-4c2c-4db6-87ed-f3ba47ca804a,LGA1700,Micro ATX,128,4,Silver / Black
bb97b904-d060-4cf3-b475-c9f9131fc471,LGA1700,ATX,128,4,Black
1ba683b8-a21b-4fa3-9c33-04f597fa8cf4,LGA1700,Micro ATX,64,2,Silver / Black
b16604e0-bbf6-4aaa-8f0c-f718d0d8bdf4,LGA1700,ATX,192,4,Black / Blue
dd2fbcfc-926c-4b59-a999-195e6437e80c,AM5,Micro ATX,192,4,Black / Silver
36f1b422-98d0-4744-a700-89f44c0a9989,AM4,ATX,128,4,Silver / Black
7a3e8b96-d971-45e8-840b-bb94a028f71c,LGA1700,Micro ATX,128,4,Black / Silver
1c48785a-1148-49d9-858f-2f3e1624c250,LGA1200,ATX,128,4,Black
d918ff45-f211-4ef1-8a48-868ea6232ecc,AM4,EATX,128,4,Black
e70340ad-9e4a-4121-9f8a-921701a4f1ab,LGA1700,ATX,192,4,
872875e0-997a-4fa3-bf65-cc665bcf49ad,LGA1200,Micro ATX,128,4,Black / Gold
dfec010f-fed9-4d93-9ba9-5bcb3a8775b6,LGA1700,Micro ATX,128,4,Silver / Black
18994b92-f63a-4ccf-901e-902511c75e00,LGA1700,ATX,128,4,Silver / Black
9bc53bce-de3c-49d3-8ef2-292248644ed2,AM4,ATX,128,4,Black
c24be70e-5d23-450e-aa4f-2d9e4deb400a,LGA1700,ATX,128,4,Black
9088b0a2-b737-4d1e-a4e8-86e4742ed02f,AM5,Micro ATX,192,4,Silver / Black
db874f5e-6328-4d10-a25a-3ffb6e2f1be4,AM4,ATX,128,4,Black
26766932-bb0a-43eb-ba96-166816b34799,LGA1700,ATX,192,4,Black / Silver
311afbbf-78db-41b3-b1b1-58d638ee357a,AM5,Micro ATX,96,2,Gray / Black
3eaa36fb-2025-4502-b760-97bbc9f39068,LGA1151,ATX,64,4,Brown / Black
3ba381d6-d524-41f2-ba12-b1a03d3a60cb,AM5,EATX,192,4,Black
dcaf4938-7698-49d2-96fa-6438c24ae280,AM4,Mini ITX,64,2,Black / Silver
1de7f669-6199-4a2a-8beb-e1a9dda56fa2,LGA1700,EATX,128,4,Black
db1fd07d-b5a5-40c6-bf2a-e50d3f931f71,LGA1700,ATX,128,4,Black
80d04352-e22d-475c-a765-292b3c343ccd,AM4,ATX,128,4,Black / Silver
49bd86a8-5c2e-4ede-b2a6-3f39b78ecb76,LGA1151,ATX,128,4,Black / Gold
1f331a28-8179-4187-98a9-22c66a51ae4f,AM5,Micro ATX,128,4,Black / Silver
dc90fc7a-d275-4a89-a061-c748ed067706,LGA1700,Micro ATX,96,2,Silver / Black
96b42221-bbae-445e-b6e3-10d70a3b57c5,LGA1700,ATX,192,4,Black
205f53ac-ee8f-4e83-bacd-2e5628993e13,LGA1200,Micro ATX,64,2,Black / Silver
21930816-972a-4ca1-bfdb-c44855c2e67c,LGA1200,ATX,128,4,Silver / Black
ccfdd109-ad16-482f-93c4-6a02189c7a37,LGA1200,Mini ITX,64,2,Black
5e58e96f-0993-4e65-845d-54b780cbbc3f,AM4,ATX,128,4,Black / Silver
8ff5765e-2a17-4583-a99b-c35ad73e3c41,AM4,Micro ATX,32,2,Black / Yellow
7d053d49-30c1-40d2-96bf-423acc3e7fce,AM4,ATX,128,4,Black / Silver
cf5131a0-fc52-487a-80a1-87c361090673,AM4,Micro ATX,32,2,Black
16381121-3d1d-4fcb-94f6-a65565604ba9,LGA1200,ATX,128,4,Black / Silver
b24bd215-27a4-4f0d-b198-d891041d1960,AM4,ATX,128,4,Blue / Black
4e5e9fa0-66d7-420a-a647-3720eb2877e2,LGA1700,ATX,128,4,Black / Silver
8bf27d80-cab3-4d5d-8d49-576674625adf,LGA1700,Micro ATX,64,2,Gray / Black
12db012c-bf64-43af-a587-abcbcf82a559,LGA1700,ATX,128,4,Silver / Black
fe4892ea-14d0-481c-bd56-81047ac27e10,LGA1700,ATX,128,4,Black / Silver
bb2682d0-18fa-468b-bdd0-e02a8f07c8c6,AM5,Micro ATX,192,4,Gray / Black
ee90579c-e861-44df-bbfc-1bba105a1e1d,AM4,ATX,128,4,Black / Silver
1eef223b-3a44-4702-8843-6d26aa921bd4,LGA1700,EATX,192,4,Black / Gray
eb798080-957e-4249-a511-36ef2b0b9095,LGA1700,ATX,128,4,Silver / Black
5810dc95-d58c-4d9d-8d86-e12ad7b47fc9,LGA1200,ATX,128,4,Black
92ef972f-7c01-4a3d-aeb0-3adfd61be6fa,AM4,ATX,128,4,Black / Silver
54e0109f-f7b4-4c3a-9eb8-8305988cb63d,AM4,Micro ATX,64,2,Black
ab534dfd-47c3-4075-a1ce-2b5af7af1f65,AM4,ATX,128,4,Blue / Black
c10d44f0-acaf-4607-a536-899dbf450dc2,LGA1700,Micro ATX,64,2,Gray / Black
f4300f9c-323f-470f-9c9d-a58f7389df07,LGA1700,EATX,192,4,Black / Gold
d5e28241-fdab-4c28-ba70-2a3926729881,AM4,Micro ATX,128,4,Black / Silver
fb5714ca-75dd-4c44-b517-6e438b26b9f5,LGA1150,Thin Mini ITX,16,2,Black / Gold
0c907c69-5c83-4d2a-b256-4ada01597d51,LGA1155,Micro ATX,32,4,Black / Blue
8c023309-7d2b-4294-a942-95b2869cefc4,AM4,Micro ATX,128,4,Black / White
576cf0f1-19aa-4ba5-899b-95ec41eaa70c,AM4,ATX,64,4,Black / Gold
a4803f3a-66ca-4942-86d6-fd166fa7fad1,LGA1700,Micro ATX,64,2,Black / Gray
4a98feb5-1fdc-43f4-af48-2506387cdd83,LGA1700,ATX,128,4,Black
0fc8f6d9-cca3-43a4-9fa0-d900d4eb8b41,LGA1700,Micro ATX,64,2,Silver / Black
5bffe137-7afe-4b60-b0d8-d2fbd41b17c1,2 x LGA2011-3 Narrow,EATX,1024,16,Black / Green
75e486cd-099c-47cf-9813-81481feb139d,LGA1700,Micro ATX,128,4,Silver / Black
9500d2f5-3937-4608-8cb3-4ec348df7f81,LGA1151,Micro ATX,32,2,Black
d2594c41-69f8-4756-9262-dd6c3d565b00,LGA1200,ATX,128,4,Black
d7300b9f-3302-42f6-a4f8-8872b3a8203b,AM4,ATX,128,4,Black
808ed509-6478-40fb-b316-95dfd6aa9034,LGA1700,ATX,192,4,Black
a5d6e0c6-9510-40c6-b8e7-f47bec3440dd,AM5,Micro ATX,192,4,Brown / Black
79b5dcfa-0654-4ad5-8b47-3a5e40a4ec27,LGA1700,ATX,128,4,Black
44016055-ce0d-428c-b736-825df4486f8f,LGA1700,ATX,192,4,Black
a95efc8e-6b18-4fd5-8b97-1ef6680d3908,AM4,ATX,128,4,Black / Silver
68a4aa66-4286-479b-9c3f-2ad2985367a1,LGA1200,ATX,128,4,Black
7d6285a3-c2c9-4e24-bc8c-31bfa1dc2240,AM4,ATX,64,4,Black / White
b7c9afb4-e3ac-4ad6-ba9c-d0727a7baeea,LGA1700,ATX,192,4,Black / Silver
d745ba9e-a390-4575-890f-4daaa7235477,AM4,ATX,128,4,Gold / Black
02bd2eb3-3acf-4f19-80ff-dc85f479d0cb,LGA1700,EATX,192,4,Black / Gold
22772339-0e42-40a5-9e46-39fa0a59481c,AM4,Micro ATX,32,2,Black / Yellow
678fd3ac-8b5f-4207-b3f0-afb2d5135164,LGA1200,ATX,128,4,Black / Silver
e5879494-557d-4190-9b3c-c0cbbb51fb66,LGA1700,Micro ATX,64,2,Black / Silver
d6619a59-7b83-4b62-82e4-353846d97a05,LGA1200,ATX,128,4,Silver / Black
d1592bb0-e346-49d6-887d-656cf31aee45,LGA1700,Micro ATX,64,2,Silver / Black
d646fd60-1ec3-4064-a59e-ee2bc484c163,AM4,ATX,128,4,Black
0e5424c4-ae89-4fec-978f-c53ac6ea6f91,LGA1700,ATX,128,4,Silver / Black
038506ae-000a-4a2e-b66b-e4f4db90bded,LGA1151,Micro ATX,64,4,Black
d1cf490f-c5dd-4f0c-8548-f1cb48a32d6d,LGA1700,ATX,128,4,Black
1cab52b8-311e-4f16-a85f-772278cb6730,LGA1700,ATX,192,4,Silver / Black
a0b95283-ee48-403d-8591-6f798d1fc3a0,LGA1700,ATX,128,4,Black / Blue
d40c8131-5975-45a4-bd41-11b7862aa448,AM4,Micro ATX,64,4,Black / Gold
d112aae3-1a2b-401f-8fc2-d36481f0afde,AM4,Micro ATX,128,4,Black
2c17b9e9-6def-4173-b170-31d0a10e870a,LGA1200,ATX,128,4,Black
8afd9b20-b6f0-420d-a3a5-7d152e4cdcfb,AM4,Micro ATX,128,4,Black
15a72680-d44f-4741-8266-696b05232e66,AM4,ATX,128,4,Black
eaf6dc44-5e82-4933-a586-015beb3e5f86,LGA1700,Mini ITX,64,2,Black
512784ff-cc65-49fe-8350-64f53f0e97a9,LGA2066,SSI CEB,256,8,Black / Silver
5d4fdb67-372a-42db-a362-b4bad0aa05fe,LGA1200,ATX,128,4,Black / Silver
78cb51a4-1907-4244-9376-f1462c6a2124,AM4,ATX,128,4,Black / Silver
dc010f1c-32d3-4f03-bdb6-990f5668fee4,LGA1700,Mini ITX,96,2,Black / Red
fc68e9dd-3682-4dde-abb5-523382bcd2e6,LGA1200,ATX,128,4,Black / White
e776a361-dc6b-4d2a-982b-21919aa905db,LGA1200,Micro ATX,64,2,Black
9058e9d1-4475-4176-8c64-1fc7d1d3eace,LGA1700,ATX,192,4,Purple / Black
52beb1a3-d1ce-43bf-ba51-c61bc80dac8e,AM4,Micro ATX,128,4,Black
d1f95410-9a98-483d-8b48-06b33e270cd6,LGA1200,Micro ATX,128,4,Silver / Black
3463ef45-fcc2-49c5-85f8-47a436486723,LGA1700,Micro ATX,128,4,Silver / Black
795be438-ce19-4979-b69a-774d18480e68,LGA1700,ATX,128,4,Black / Silver
a9b64544-e72f-46f2-93fc-299f8005a843,LGA1700,ATX,128,4,Purple / Green
7e6ce68d-1f2b-4ed6-8229-a11f1732cf9a,LGA1700,ATX,128,4,Black / Copper
d7f21a55-9a45-4414-aaaa-dd2ba1ef0f9d,LGA1700,Micro ATX,192,4,Yellow / Black
fd1c2013-7df1-4f72-babc-1384ac27c54f,LGA1151,Micro ATX,64,4,Black / Silver
c3b7a9bc-9805-48cf-b009-b7ab44f9df1c,AM4,ATX,128,4,Black / Silver
ed9dd8fb-567d-4a88-9e43-b9ee2c50e609,AM4,ATX,128,4,Black
5d60df8a-71cf-450e-b699-3a76679c810f,AM4,ATX,64,4,Black / Red
e0bf17af-e479-47f9-8745-9c561941ad36,LGA1700,ATX,192,4,Black / Silver
95b4febd-1171-484b-ae8f-2ac74343073a,LGA1151,ATX,64,4,Green / Blue
87cb92eb-700e-48c0-ba85-35cef77c8dde,LGA2066,ATX,256,8,Black
2caa6ce7-c314-4855-86a5-8b350f8d688b,AM4,Micro ATX,32,2,Black / Silver
56eb26b0-77c1-47c7-b39d-d4cf094b89cd,AM4,Micro ATX,64,2,Green / Black
a448626c-47c1-41aa-8cf2-f8619de5ec92,LGA1700,ATX,128,4,Black / Silver
9b62565c-f1e6-4bd5-bccc-61a56b81d4c8,LGA1155,Thin Mini ITX,16,2,Black / Blue
d7b915f7-7683-48a6-92d2-8fca993c9593,AM5,Micro ATX,192,4,Silver / Black
0b67c944-cb5b-4d59-8a3d-246d3f6a0f48,AM4,ATX,128,4,Black
cd5c4a17-4cb5-4bef-bbd9-d5fe0e183ab0,LGA1700,EATX,192,4,Black
25d9a1d6-23ed-4a74-9ee8-8931b669dd90,AM4,Micro ATX,64,4,Black / Silver
c139c58a-6642-4941-ae71-49451b936fca,LGA1200,ATX,128,4,Black
93a3bece-11a4-4aae-a0ea-84c1e2f159d3,LGA1200,Mini ITX,64,2,Black
0b8b8395-25a8-4e77-a207-c2dfbed69c00,LGA1151,Mini ITX,32,2,Black / White
45f11166-a795-4efd-a1ba-c41e43ec5e3d,LGA775,Micro ATX,8,2,Black / Blue
b75d1e0f-0930-453f-ace0-d1828097d06c,LGA1200,ATX,128,4,Black
4019df36-60ee-43bc-8914-f91cf05cfc92,LGA1151,Micro ATX,32,2,Black
5172f335-ea60-4e66-9f2e-4b1ab51feba6,LGA1151,Micro ATX,32,2,Silver / Brown
4b5ecedc-4bf0-41f2-b4f2-ebf62862b788,LGA1200,ATX,128,4,Black / Silver
cb3d4421-f599-42ea-993f-5de2b1a76c10,LGA1700,Micro ATX,128,4,Silver / Black
2af28429-8812-4653-9ee7-d2c1f97d1046,LGA1700,ATX,192,4,Black / Copper
e0f00729-6349-47c1-9fe9-5fe9de69e43a,AM4,Micro ATX,128,4,Black / White
64d33125-c07e-4ecd-ac03-c28aaa1e3ddc,LGA1151,ATX,64,4,Black / Silver
614294b4-d252-48ce-a450-52203afba1d0,AM4,ATX,128,4,Black
5c64b7f9-674a-45df-bef2-814552d23976,LGA1700,Micro ATX,128,4,Silver / Black
bf3b0e33-da93-471b-ad28-18a5911e311a,LGA1200,Mini ITX,64,2,Black / Silver
577d63b0-30e1-426a-97f2-d26bc90b8dca,AM4,Micro ATX,32,2,Black
141320ad-f79e-48b2-bdd5-070c4aefbfea,LGA1700,Micro ATX,128,4,Black / Orange
d9c29a5e-157f-45f8-ac25-153c4f778232,AM4,ATX,64,4,Black / White
b8b6ed99-3d89-44a0-93e7-1c7896d5e439,LGA1200,ATX,128,4,Black / Silver
f43ffc20-bdad-4b06-a161-fe4569dbfd69,LGA1151,ATX,64,4,Black / Silver
cc8b172f-54a5-420d-8ef2-dfc027ca903e,LGA1200,ATX,128,4,Black
8c3f7e51-0fe5-42c3-ada2-8dbc53af976e,LGA1700,Micro ATX,128,4,Black
11aaccf6-ff49-42fe-8fd9-3fc1d75024c9,sTR4,ATX,128,8,Black / Silver
ed1389d3-dd52-462a-a54a-998d2d03f91c,LGA1200,ATX,128,4,Black
6afd69f7-a80f-41a9-9b81-889cc17a3327,AM4,Mini DTX,64,2,Black
c9006e5a-2f92-45e3-a7cd-4839cca74930,LGA1700,ATX,128,4,Black
519e98e2-7969-464e-a6c5-76089e4954de,AM4,ATX,64,4,Red / Black
9ab923a0-4f33-4b31-8c02-927486e4762f,LGA1700,Micro ATX,64,2,Silver / Black
73e4fd7d-7c43-4100-a782-884a28350208,LGA1700,Micro ATX,128,4,Green / Black
d542dd87-19ea-412a-b2bd-64cef2b24a3d,LGA1700,EATX,192,4,Black / Silver
c2c003d7-2f97-4eac-a74c-92f4f735b09e,LGA1200,Micro ATX,64,2,Black / Silver
b1552b56-d1a6-466a-8ee8-f6541a488605,LGA1200,Micro ATX,128,4,Silver / Black
c7dd6384-0e18-4460-90e0-99ae5ba5db7c,LGA1200,Micro ATX,128,4,Brown / Black
a154bea0-d533-4bd0-a04a-b30bb2a829c6,LGA1700,Micro ATX,128,4,Orange / Black
b45017d0-c7f3-4695-9080-75518337c69c,AM4,Micro ATX,128,4,Green
c8d17114-1740-49ca-9212-bbc90017dddd,AM4,Micro ATX,64,4,Black / Gray
dd30e926-9442-4611-b19c-d5898cace32d,LGA1700,Micro ATX,192,4,Silver / Black
9451fb21-dbf5-4fdc-9908-09ee4d490cf0,AM5,Micro ATX,128,4,Silver / Black
6ebeb3f5-6366-4402-8e56-915a57bb58ce,LGA1700,ATX,192,4,Black
cfc70336-3295-451e-9bb5-76edb6024c04,LGA1700,ATX,128,4,Silver / Black
7e61206c-da5d-4056-8d07-e23080616681,LGA1200,Micro ATX,128,4,Black / Silver
ea43da31-790c-4c79-b54f-9bf9f1e20b21,LGA1700,ATX,192,4,Black
38d2a5d5-874a-4a7b-b18c-5a2c519be8c7,LGA1700,Micro ATX,128,4,Silver / Black
15e6f355-e92f-41da-8e5f-b2fb4dd3bb82,LGA1700,ATX,192,4,Silver / Black
f90b3de2-b937-4a63-8250-ebc312157ad5,LGA1200,ATX,128,4,Black
1c135191-d1b2-4158-bfed-564550ed103b,AM4,Micro ATX,64,2,Black
f32deb54-293a-4953-a55a-2b3226229ee0,LGA1700,ATX,128,4,Black
ed9f980c-69d9-4d41-8dc4-ce59c9374df1,LGA1700,Micro ATX,128,4,Black
eb138d45-edae-448e-9ee8-365748172cea,LGA1700,ATX,192,4,Black / Gray
e462826a-feba-4ae3-b586-0f7ac85d3074,LGA1151,EATX,128,4,Black
c7733051-2e8e-4a2b-b293-1aad7c7871bf,AM3+,Micro ATX,32,4,Black / Blue
ac2008f2-eaf4-4864-bf6b-ed59588904aa,LGA775,Micro ATX,4,2,Multicolor
1aa49d13-596e-49d8-abca-ec5565c34f18,LGA1200,ATX,128,4,Black
13f020ab-f123-46aa-b231-b0c16cf05190,AM4,ATX,64,4,Black
0f6e5ef1-dbcf-4eff-b0e0-839e36ce0d42,LGA1150,Micro ATX,16,2,Black
eb2a636c-38de-4c18-8b08-8f1936adfcdf,AM5,Micro ATX,192,4,Green / Black
1620018c-0627-4c01-8879-832d8a321ef5,AM5,Micro ATX,192,4,Brown / Gray
03872db1-9a94-4920-aea0-aa4afbd22f41,LGA1700,ATX,192,4,Black / Copper
0223c5fd-96f9-4001-a69b-41eed653e502,AM4,Micro ATX,64,4,Red / Black
71ce2962-fa8a-4ef2-bcda-fc3c30a59e27,LGA1700,Mini ITX,96,2,Black / Silver
754af6ce-a9cb-4f22-82ff-37ac5f21983e,AM4,ATX,128,4,Black / Silver
702276a5-5a79-4aaa-a8e5-3ba89c83af69,LGA1200,ATX,128,4,Black
c3aae753-807f-4083-bf6b-d98912e12212,AM4,ATX,128,4,Black / Silver
cac355c0-21e0-4c74-bbf5-360d1f8449eb,LGA1151,ATX,64,4,Black / Silver
22abb9b7-3c2a-4db2-b39c-bc56c232a84b,LGA1700,ATX,128,4,Black
366c4431-f614-49d9-8dd8-25c914c3905f,LGA1700,Micro ATX,192,4,Green / Black
e7698c9d-8e14-4b7d-91ce-45ab015bdf09,LGA1151,ATX,64,4,Black
3476cc61-f197-4a02-89d5-a513e97e9b38,LGA1700,Micro ATX,192,4,Black / Silver
155c0fd9-51ca-4ded-8bec-ff59662db09e,AM4,ATX,128,4,Black / Silver
2b7fc805-ec9d-4084-a800-ff964e216e91,LGA1700,Micro ATX,64,2,Black / Silver
dbc9a196-48c6-420c-95bc-b5b91b084a6f,AM4,Micro ATX,128,4,Black / Red
b3aba1fe-386e-4175-a48e-a1b478be0dc0,LGA1700,ATX,128,4,Silver / Black
6991fbcf-0c0c-49ae-b0de-86fbe522c90f,LGA1200,Micro ATX,128,4,Black / Silver
96973efe-d8be-4e48-b736-3fe2fbf62f89,LGA1151,Micro ATX,64,4,Black / Silver
91308f31-9362-4a98-b9c9-f68ae65195b6,LGA1700,ATX,128,4,Black
334d977a-f23c-4d62-b7d0-e33218a466bb,LGA2066,ATX,128,8,Black
15f98111-66de-4ef9-a257-2c902ebe5af2,LGA1200,ATX,128,4,Black
9482f705-e15e-4f91-a72e-7f0456d86479,LGA1200,Micro ATX,128,4,Black
c79bdb4e-e099-473f-bc3a-c09477833c90,LGA1200,ATX,128,4,Black
7b81b1bb-c70f-459e-bb0e-334433aa1361,LGA2066,SSI CEB,128,8,Black / Silver
9b841cb1-a81d-4c0a-8ad2-f608e9b6834b,LGA1700,Micro ATX,128,4,Green / Black
21e62952-648a-43c9-a8f6-e1de6b0e1872,LGA1700,ATX,96,2,Black / Silver
f26b64dc-3263-4682-a030-f60ae89ed7d5,LGA1200,Micro ATX,128,4,Silver / Black
1194dd6f-352e-4e7f-bbf4-cc7d5606c501,AM4,ATX,128,4,Black / Silver
b28dd5f6-47e4-4317-9618-59d6d0a343d5,LGA1151,ATX,64,4,Black / Red
e3f1c4d3-393d-48db-a86d-dd7670aa20d4,LGA2011,EATX,128,8,Black / Red
bc316426-3ae0-4b13-be40-21cab0e2579e,LGA1151,ATX,64,4,Black / Yellow
80c1f4f3-43e8-4bce-bb9b-47d22cdac0aa,AM5,Micro ATX,192,4,Silver / Black
0d0553c2-266e-49fc-a42e-91c6e6f6ba89,LGA1700,ATX,128,4,Silver / Gray
b60d62d6-18f8-4f3c-9275-a5c58d8a3d94,LGA1200,ATX,128,4,Black / Silver
adee2b85-465b-4d77-aed4-00b362b912bb,LGA1200,Mini ITX,64,2,Black
0b1f611f-68b3-46ed-949b-bacdc4ab21be,LGA1151,Micro ATX,128,4,Green
2a63f5bb-f4fe-41bc-90f3-50770a27679d,LGA2011,ATX,64,8,Green
4ba4316c-4f9c-4090-9ff1-8005e023f9c7,LGA1200,ATX,128,4,Black
dbd4a8e1-bfe9-4ccc-9430-014957185196,LGA1200,ATX,128,4,Black
5fc54511-7396-44af-88c0-ee2e5e6b18cf,LGA1155,Micro ATX,8,2,Green / Blue
e4692d3a-9ebb-409e-b6b5-1dc974ecf4da,LGA1200,ATX,128,4,Black / Blue
fb4f549d-9726-456a-aada-db8a558f2ccb,AM4,ATX,128,4,Black
06a15848-d58c-411f-b754-b372f01631b2,LGA1200,ATX,128,4,Black / Silver
fd66383c-5d19-4c67-8a97-d765d012aacc,LGA1151,Micro ATX,64,4,Black / Green
aeae7c14-dfcc-4f99-b292-26787342764a,LGA1200,Micro ATX,128,4,Green
4672b06c-aa19-4381-ac83-fe69f025d519,AM4,Mini ITX,32,2,Black / Silver
8ffdddd1-78c4-42f9-875a-0d0b4f792b6f,LGA1200,ATX,128,4,Silver / Black
1eb7d588-e97e-4a74-99e3-939f45394640,LGA1700,Micro ATX,64,2,Black / Silver
be1c5c33-a7c2-4b75-9b47-982b3540e8ad,AM4,Micro ATX,128,4,Green / Silver
e3427a6a-acb9-4708-b75b-7f446338aa9f,LGA1151,ATX,128,4,Black / Silver
9aaed635-c89e-4676-b3d0-cf980942cdf5,LGA1200,Micro ATX,64,2,Black
fa225c09-f2eb-48ab-9a6a-de602ddf8f8b,LGA1150,Micro ATX,32,4,Black / Green
8b220ebd-bcf3-4892-9916-132bb9e1a816,LGA1151,ATX,64,4,Black / White
937679b9-3267-4adf-9b9d-8a9491a44389,LGA1700,Micro ATX,128,4,Gray / Black
ad722349-cc34-4b53-ab50-afbc40d74e45,LGA1700,Micro ATX,64,2,Silver / Black
e83d475c-8d7e-4532-8542-cbcfcb95d47e,LGA1200,Micro ATX,64,2,Silver / Black
6b1e761f-6823-49f2-bb1e-ccfdc56a5fe6,LGA1200,ATX,128,4,Black
465f55d9-5871-48db-be4d-6b21d27e6d5f,LGA1151,ATX,64,4,Black / Silver
3a51fc7d-6c5e-445f-aa5a-a3064e3db589,LGA1200,Mini ITX,64,2,Black / Red
1822e3ff-9889-4c0e-9d82-5b5d9add655c,LGA1700,ATX,192,4,Black
84610b42-f774-4122-b1b0-f08e92424699,LGA1151,Micro ATX,32,2,Black
6051d38e-a351-4d01-81e0-91511959aa3e,LGA1700,Micro ATX,128,4,Silver / Black
5fdd058a-69ad-4d1c-bec0-0ff8ec7ff12e,AM4,Micro ATX,64,2,Black / Silver
4c140b82-210b-4182-86a3-9523ff9d4005,LGA1200,ATX,128,4,Black
0245bd5d-dab6-4482-8ff0-d05becae973d,LGA1700,Micro ATX,64,2,Green / Black
e0fbe088-c95b-46bd-8325-635510483a22,AM4,Micro ATX,64,4,Green
0230260f-6992-4082-9ef8-eb7902334685,AM4,Micro ATX,128,4,Black / Orange
405a0de2-545c-42bf-9980-f7efabdd1e82,LGA2066,Micro ATX,128,4,Black
22f93a42-26cc-464c-9031-9cc4356e5c9f,LGA1151,Micro ATX,64,4,Green / Blue
413c4d5b-19ae-4502-9a1f-f171dfffc69c,LGA1150,Micro ATX,32,4,Black / Green
d45cfea8-fe51-4424-a8f5-acdf3ab30b34,LGA1200,Micro ATX,128,4,Black / Silver
028a3ce8-9f1a-4fb5-b735-cc0e10dc1bfb,LGA2066,Mini ITX,64,4,Black / Silver
16a9d6be-8779-4f90-ac1c-3063fd531702,LGA1200,ATX,128,4,Black / Silver
a39c2d83-668c-4328-acd8-ed3bbbd27c53,LGA1200,ATX,128,4,Black / Blue
bb61899c-b8b7-4f00-b72e-52b06de9cc57,LGA1151,ATX,64,4,Black / Red
5bc57ada-30ed-4618-850e-881e0f963ccf,LGA1200,ATX,128,4,Silver / Black
d9ad7eee-0133-4709-a988-628e9905249f,LGA1151,ATX,64,4,Black / Red
03cda5d7-0a45-4f8c-884d-80620cf20dd8,AM3+,ATX,32,4,Black
3beeb2ee-a23a-4af4-82a9-39e2a56ecd71,LGA1200,Micro ATX,64,2,Black
c0b45327-41f3-4e1b-8830-9642c0a5c648,AM4,ATX,64,4,Black / Red
118a8ef2-55a0-49ef-9e4a-a213dcb5aaf8,LGA1200,ATX,128,4,Black
071d3c9c-aa8f-4637-9a67-f5760fb62bcf,LGA1200,ATX,128,4,Black
bdde10ed-2d4d-4121-9438-bfeea9ad30a7,AM4,Micro ATX,128,4,Green
e77509ff-13ce-40b4-91d1-8d742f19d991,LGA1700,Mini ITX,64,2,Silver / Black
68ebd634-837a-4a5d-9403-63f94059ad4d,LGA1200,ATX,128,4,Black / Gold
bf8e1502-4e1a-493b-8450-30d308b2e9bb,LGA1200,EATX,128,4,Silver / Black
1945ab08-f471-4624-ae84-a7687ecb0164,LGA2066,EATX,64,4,Black / Silver
48ff1f33-3ea7-44ed-9373-f4f5490fd34b,LGA1200,EATX,128,4,Black
1771f99b-7c12-4466-ae0e-02dae5154a38,LGA1200,EATX,128,4,Black / Silver
f30b62b2-6141-4303-9b35-9fa2cc6f4a7b,LGA1200,ATX,128,4,Black / Silver
53fb1e52-b31f-4756-b019-5bb4c71aaa54,LGA1200,Micro ATX,64,2,Black
bb5cdaa4-1e79-491e-ae06-1bce4fc5c922,LGA1200,EATX,128,4,Black / Silver
48df01d5-4001-46e3-a3ae-61ca9a1171cf,LGA2066,SSI CEB,128,8,Black
18cd6143-c310-47ea-93ea-b1b37b49b26d,AM3+,Micro ATX,16,2,Black / Blue
8272b1d0-8b48-45ff-a013-e95942799f86,LGA1200,EATX,64,2,Green / Black
f1cd2db9-7f7c-4a3c-9736-927233504902,LGA1200,ATX,128,4,Black / Silver
c9cb8d85-acc8-4178-8af8-b2461c372ead,LGA2066,ATX,256,8,Silver / Black
073c7524-aaad-4d4f-97b4-a1590e449afa,LGA1200,EATX,128,4,Black
d69db9bd-48a4-43fb-af03-254fb755de98,LGA1151,Micro ATX,64,4,Green
2aa3c679-862d-474e-9354-319077d74151,LGA1200,ATX,64,2,Black
92fde8a2-db5a-4a69-80f6-c68d234c9f0a,LGA1200,ATX,128,4,Black
de0a0a8a-bc8b-4988-9474-bd14d6562d51,LGA1700,ATX,192,4,Black / Silver
b691b5b7-c145-40d9-9800-866188acddac,LGA2066,ATX,128,8,Black / Silver
59ed9ef6-bff0-4115-a4b6-3daeaf16742e,LGA1700,Micro ATX,128,4,Brown / Gray
a547634b-09a8-4220-b9d1-a5ee37bbad3a,LGA2066,ATX,256,8,Black
d8cf4c9b-4808-4e4f-b1c6-f2ee11772972,LGA1200,ATX,128,4,Black / Silver
32df235f-a5b0-4690-9152-3bb3fe531291,LGA1200,ATX,128,4,Black / Gray
481e67b7-ad07-4ace-946a-913f3cedabdf,LGA1200,ATX,128,4,Black
217c66e7-2998-41e9-a5f1-88f5e1b86147,FM2+,Micro ATX,32,2,Brown / Black
8b632d91-3d91-44e7-897d-3fe4a453a0ac,LGA1151,Micro ATX,128,4,Black
250a1ab8-5830-4c97-b5ae-85bebc32b9f5,LGA1200,Micro ATX,128,4,Black / Silver
50b35787-abb8-4b06-b0d5-efbd3afb3a54,LGA1151,ATX,64,4,Black / Green
a6888948-6396-4cbe-95fb-af35f277d766,LGA1151,Mini ITX,64,2,Green / Black
d423ad17-264c-4100-aae3-b19c8c2d4dbb,LGA1151,ATX,64,4,Black / Silver
903a9ec9-ba32-4dc3-b365-a336cef7b77a,LGA1700,Micro ATX,128,4,Green / Black
878f3a77-67a5-4597-8c6d-39ee8c6984a1,LGA1700,ATX,192,4,Black / Gray
ef158a21-a3a3-4d8c-91d7-0ae8d9f731e2,LGA1200,Mini ITX,64,2,Black / Silver
0af533a9-dd6a-4e32-b940-f920a46dd1fc,LGA1366,ATX,24,6,Blue / White
cff4696d-995a-4c8f-84ed-3719a9dff6b5,LGA1200,Micro ATX,64,2,Black / Silver
782f745e-fb7f-4caf-849d-773719df597b,LGA1200,Micro ATX,64,2,Black / Silver
d3078731-0c7b-444d-b3de-7d30a7f87b32,AM4,Micro ATX,64,4,Green
7bd95b6e-e4b5-417f-9e26-d196a8f63897,AM4,ATX,64,4,Black / White
f11f119c-af0b-41ee-98e5-1d72c58df095,LGA1200,Micro ATX,64,2,Black
f66b5c0d-de59-410c-9a93-6c4a01ad277b,LGA2011-3,ATX,128,8,Black / Blue
585d7540-0e1f-4171-bbe6-fc4b69bdc518,AM4,ATX,64,4,Black
d46b3423-43b7-420a-8132-42b593fa9bb6,LGA1151,ATX,64,4,Black / White
4ac6a6f0-b77d-4a32-8155-a999c19e75fe,LGA1151,ATX,64,4,Black / Red
457ea053-0a36-4ac3-b3c9-d9b00381b122,LGA1700,Micro ATX,64,2,Gray / Black
c3f6cbe5-c8ef-4df4-986d-c521caea1f7e,LGA1151,ATX,64,4,Black / Silver
9e2f92d6-de77-45df-9796-932b2579a47b,AM4,ATX,64,4,Silver / Black
63efe1b3-9d13-4ca3-9363-93bd5a63aa62,AM4,ATX,64,4,Black / Red
ca36c32f-53dd-4eae-9b32-1fdeb2ba11d3,LGA1200,ATX,128,4,Black / Silver
6438bc56-9c55-4f86-a2e0-29888d110258,LGA1151,Micro ATX,128,4,Black
8784cb21-3947-434d-996b-49a102ddd7a3,LGA1700,Micro ATX,64,2,Gray / Black
b386ea78-a16a-426d-a85a-ddf803a47c3d,LGA1200,EATX,128,4,Black / Silver
a24f216b-87ec-467d-b78d-67fdcccdf6e9,AM3/AM2+/AM2,Micro ATX,8,2,Multicolor
6d8434cb-f567-4a0d-a4d6-2d8cde45ac81,LGA1700,ATX,128,4,Black / Gray
46bc1a83-1233-456c-9173-ccb43e139948,LGA1200,Micro ATX,128,4,Green / Black
f553cb91-854c-4f89-9a71-f7d532569e4b,LGA1200,EATX,64,2,Black
ee2393d5-600e-417c-bcec-5eed4bd0a078,LGA1151,ATX,64,4,Black / Silver
33700866-13d1-474d-9f2f-235874ec8d65,Integrated Atom D525,Mini ITX,4,2,Green / Black
0a92e5df-17aa-4bc1-9a30-25a35c5b36f8,LGA2011,ATX,64,8,Black / Green
0d48fe4e-dd64-43a4-b25b-5d068cf817c2,LGA1200,ATX,128,4,Blue / Black
65b1e1ed-6dfa-48ab-bd4f-16fef4bcb70f,LGA2011,ATX,64,8,Green / Blue
098e9743-a423-4ee2-8eb4-dcb37c58b651,LGA1200,EATX,64,2,Black
4564e50e-c1e3-4bd9-89d2-03b766215f87,LGA1151,Micro ATX,64,4,Green / Black
9e932769-f4d1-4e35-9185-b4a1d5eee9d8,LGA1200,ATX,128,4,Black / Silver
b45f399e-1880-447b-8800-6b5e04efcd0a,LGA1200,EATX,64,2,Black / Yellow
7a5ab7be-958d-4f9e-9ec5-e763141664d0,Integrated Atom C2358,Mini ITX,16,2,Black / Green
7b0a1081-ae2e-4359-9f70-4c83829b1286,LGA1200,ATX,128,4,Black
70560b01-9aea-4755-988e-d8ffedc8a1d5,AM3,EATX,16,4,Black / Red
9c4001b2-1c6d-4a44-88c9-e859829dc956,AM3,Micro ATX,8,2,Black / Red
abffa296-ee4f-4a87-aebb-f020024ef43a,LGA1200,ATX,128,4,Silver / Black
b8d21182-4a28-4e9b-86b4-b7e8abc9a70b,LGA1150,Micro ATX,32,4,Black / Green
35ee9625-fcc1-47dd-9bc1-44e5f3ee9d37,Integrated Pentium N3700,Mini ITX,8,2,Green
5ba2bfdd-75c3-4fd2-84f2-5d3e3d0cb6a6,LGA1200,Micro ATX,64,2,Green
