PartID,FormFactor,Efficiency,Wattage,Modular,Color
baa30ed8-96b4-44f5-a8a1-d831ca97d842,ATX,gold,750,Full,Black
7463cc7d-14da-4008-97e1-2ea14ab54c71,ATX,gold,850,Full,Black
f2093345-6155-4712-a8c2-02d132f708dc,ATX,gold,1000,Full,Black
81faa82a-80f3-4d6b-9781-88f8d81dbc21,ATX,gold,850,Full,Black
9e9014c1-1e29-49b4-bbb1-dca8159cc792,ATX,gold,600,False,Black
f4714437-d90d-4647-8002-3f946dcb143e,ATX,gold,1000,Full,Black
0635c902-0c63-4383-8e59-80a32f7b2bfe,ATX,bronze,650,Semi,Black
52bae4a2-d11a-40af-b021-bec97cb12875,SFX,platinum,750,Full,
53ebc83e-4107-4c3b-a595-a1db4c1dbb19,ATX,plus,500,False,
becbcfd7-5831-48b9-8cf4-34de26cf3a7a,ATX,platinum,1200,Full,
e1cd5b2d-cdaa-4fcb-a99b-91ebb9718959,ATX,gold,750,Full,Black
42ecd586-2e8f-4db9-8435-17df463cb452,ATX,gold,850,Full,White / Black
c2d7bf65-71b5-4f43-a559-6f2f5bd7ea3e,ATX,gold,850,Full,Black
b92534cc-46be-40f5-9f63-09719a502fb3,ATX,plus,600,False,
69eb90a4-8fa8-4111-ad70-665860e1cb2a,ATX,gold,750,Full,Black
010ab951-95be-46b7-819e-24e6b876ae34,ATX,gold,650,Full,Black
9e11c61b-67e5-46c9-815e-d30eb8b319c0,SFX,gold,850,Full,Black
26884eb8-f058-4e38-bedc-b6c4499fb80e,ATX,gold,1000,Full,Black
2d35da5b-620b-4de5-b229-c6e7547e132a,ATX,gold,600,False,Black
bde52c8b-fded-4a12-9794-20d5acbe6279,ATX,gold,650,Full,Black
78c4e034-95ca-458e-9cd1-5cdc2dcdb393,ATX,gold,750,Full,White / Black
7e47f3d1-2d7b-4b4a-bbc5-e7c0d2fac3f7,ATX,,2050,Full,Black / White
036628e8-5950-4d0e-8ef6-c118faed5e18,ATX,titanium,1600,Full,
11e856c7-6ca7-475d-9277-2aae731d356a,ATX,gold,850,Full,Black
5d6ccb1d-9b94-46e1-bb84-d4112ae94b86,ATX,gold,750,Full,White
33122412-1221-4f2d-8823-47afe1ca5006,ATX,gold,600,False,Black
5db3aa35-d3e2-4bc9-8a08-40db04f5f16e,ATX,bronze,750,Semi,Black
c8a78607-d0ef-4f45-a2df-e680e0e62292,ATX,gold,850,Full,Black
6b40fa73-5270-4653-bb92-76fedaeea599,ATX,plus,600,False,
deb931ab-d8e4-415c-bf65-a2d4071cd2ad,ATX,bronze,650,False,Black
b5640ef9-6adb-408b-a6b0-46791b153b64,ATX,plus,700,False,
108f65a9-ff05-45cf-bc79-e68ca5c1aa79,ATX,gold,650,Full,Black
77c9b102-5007-4404-a350-d0341dfd333f,ATX,gold,1000,Full,Black
970a22ab-0ad2-4e9e-977d-0bee95943985,SFX,gold,1000,Full,Black
6ea97b65-8220-4bad-ba6f-b0252c1c72f6,ATX,gold,650,Full,
ca971050-5e9a-4f9b-b8fc-a42b0ec8f5a6,ATX,gold,750,Full,Black
db05e8c3-6484-4c10-9979-7a291f6b551e,ATX,gold,850,Full,Black
96df8043-2392-4df9-98b7-66e208b05f8f,ATX,bronze,550,False,Black
29948d93-ee1d-498d-958d-fe29a9403528,ATX,plus,500,False,
0688b330-027e-4aa4-9a08-6870211c99f2,ATX,gold,850,Full,Black
12375236-e568-4239-a172-d81b6c1922d6,ATX,gold,750,Full,Black
19d47f41-41af-43d0-96b7-28e772b54919,ATX,bronze,700,False,
90642ca9-6e91-45f9-953e-57dd8097aff8,ATX,gold,500,False,Black
83dad009-43e2-4b78-bd6d-bad8168edf8e,ATX,titanium,1600,Full,Silver / Black
b4b947f6-9c4b-4276-b85e-f0e195ca3af3,ATX,platinum,1300,Full,Black / Copper
8e0545be-c701-4cd2-ac58-7573de4eb42e,ATX,gold,750,Full,Black
ada088b9-691c-42ab-98b2-e6591563ce38,ATX,gold,650,Full,
d5ce27b7-1841-4e2c-81ce-8e7e2881391a,SFX,gold,850,Full,White
e85e2b62-3bbd-4040-b3a6-3dbb6fc20e07,ATX,gold,1000,Full,Black
f5de6f32-98bf-40ac-ad34-327c0d4e00af,ATX,bronze,750,Semi,
52fe92b3-5e68-4941-a645-86fcdc2b54d0,ATX,gold,750,Semi,
62214a20-f1cf-40e2-8aa7-615b58ac3e9b,ATX,gold,1000,Full,Black
82069eba-330e-4e3e-acc2-87c03e7448b9,ATX,gold,850,Full,Black
3b53bbb9-d56e-4ebf-89fe-4e9a681e0da3,SFX,gold,650,Full,Black
60e35131-437d-424c-af1f-c77abd86e003,ATX,gold,850,Full,
25c550b9-70c2-4e80-bace-7d89f1f0f5f8,ATX,gold,750,Full,Black
d6e91117-6b79-431c-8fc2-c774ce031797,ATX,gold,750,Full,Black
a6fdedcc-41f8-4180-9c05-d1082c886321,ATX,platinum,1500,Full,Black
8a88db49-3d25-40c3-a8df-76473645b17d,ATX,gold,650,False,Black
6afefefb-a5b3-4bd1-8df2-4805ee49dc33,ATX,gold,800,False,Black
5d719584-9f51-4c08-ad75-22b2c3bbd5f0,SFX,gold,750,Full,Black
7d27140e-38a3-4be2-90bb-49fd34471f46,ATX,titanium,1000,Full,Black
6131b642-444b-44e2-8b8b-45421d60e443,ATX,gold,850,Full,White
f8f440e4-87f0-487b-be02-2fea58c12317,ATX,gold,700,False,Black
9ccfab00-7bef-4563-9bf5-db22dc3398a7,SFX,gold,750,Full,Black
2f641b9b-4df9-4d78-9a56-37e435923738,ATX,platinum,850,Full,Black
ec503587-4f85-431a-a77d-4d9569b260fd,ATX,platinum,1000,Full,Black
80a9973b-4a29-499d-8e3f-12399058b53c,ATX,bronze,550,Full,Black
bc236a72-d24e-4a62-85e9-933dca1a7093,ATX,,550,False,Black
b7634b24-8aeb-459b-b863-7e1337085341,ATX,bronze,650,False,Black
3a9d6694-3ac5-4e0d-9f75-16893fcc2729,ATX,titanium,1000,Full,Black
df66aa6a-7bc9-468b-a674-ead24e0a3598,ATX,gold,850,Full,White
3c690e4c-6d03-4f80-932b-be87315ffaf1,ATX,gold,850,Full,Black
ea07f44c-8f32-4871-9b74-a199879f520c,ATX,gold,750,Full,Black
cbdd3a9f-f3e2-48a7-ac38-6396a7e53dc8,ATX,gold,1000,Full,Black
2c623ca7-ffb2-4a8f-a23e-1a9c74f6dc18,ATX,gold,1000,Full,Black
3f6c101f-5210-415a-afae-da12ffed37a0,ATX,gold,850,Full,Black
99af8406-6a9e-401c-afde-85799300c184,ATX,gold,750,Full,Black
69f92bdc-fad3-4ddc-9651-5f1281e0ec58,ATX,gold,850,Full,Black
3e97cfb8-61e8-4761-bd58-7b128c2cd887,ATX,bronze,450,False,Black
51b0aed0-7fe0-4105-bdaf-f06dd458b2bd,ATX,gold,750,Full,Black
79c21ed1-c293-4aac-9ff0-3f0515392f97,ATX,gold,750,Full,
7337b271-c8be-4c17-a7e3-c3518cf11559,ATX,bronze,650,False,Black
04c3fbea-d5cc-4251-92f3-a3443a367988,SFX,gold,850,Full,Black
cbadd751-c5a2-469e-bfc2-954e46f4547f,ATX,gold,1000,Full,White
658e1f85-988a-43d5-900d-909d8b103b9b,ATX,platinum,1300,Full,Black
ff7367a0-5e99-4898-86d6-42fb7b34c344,ATX,gold,1200,Full,Black
b761edba-6e1c-4a0f-bea2-673b7961819f,ATX,platinum,1200,Full,Silver / Black
6013d1d6-0dda-45f8-afd5-e1c488d2476a,SFX,gold,550,Full,Black
5287eee7-e2bc-4a06-8d34-2deebe94ae4b,ATX,gold,850,Full,Black
5447dfda-26a1-4b47-b2aa-e769293dae04,ATX,gold,650,Full,Black
53429955-4660-4a5e-817d-20c8cf282a3f,ATX,bronze,500,False,Black
8fca656d-7925-47b8-8535-0f7b00647c12,ATX,titanium,1600,Full,
2710ff48-2890-427d-8dfa-9c02440beb56,ATX,gold,850,Full,Black
f5a9650b-54f3-4d37-ab14-22097b9e20a8,SFX,gold,850,Full,Black
3a847d58-c136-4b9d-9f3b-32f63e41300e,ATX,gold,1050,Full,Black
a814393e-e1a0-4406-94d3-abc81aa1d956,ATX,gold,550,Full,Black
0474a963-23a7-4ac4-a49f-b8ab87cfc484,ATX,gold,750,Full,Black
dbb4ba0e-a108-42b4-8897-4f45b3e2b67a,ATX,gold,600,False,Black
94ec994d-bead-4252-bd8f-f76b8c5f4805,ATX,gold,1000,Full,Black
37bdb8cb-b2cd-4fbb-8e13-59e638b61742,SFX,gold,750,Full,Black
8c98b686-d82d-4121-8d4b-68995991d6f0,SFX,platinum,1000,Full,Silver / Black
7f596576-927d-4db6-8809-5e4b9c0cd27d,SFX,platinum,600,Full,Black
96d2f8d2-3a08-40c7-bb70-7175806d36f0,ATX,gold,650,Full,Black / Green
963e34ce-c30a-47c9-a184-95e8eb6d92c5,ATX,platinum,850,Full,
6e40977a-5047-4975-8656-b297cc18672c,ATX,bronze,600,False,
67fded6c-e61d-43cc-8962-eb5a17f93c46,ATX,gold,850,Full,Black
9091f3e2-8385-461d-9eec-4056ae5417b9,ATX,titanium,1600,Full,Black
5c862795-1d85-41c6-a03d-3aae00d7abdf,ATX,gold,1000,Full,
624f9ed9-8313-4141-8f33-29d93a662021,ATX,,500,False,
2c418a23-83a9-48d6-a24e-a529ae36b519,ATX,bronze,450,False,Black
378539c3-6762-4787-915a-ef4508212dd2,SFX,gold,650,Full,Black
b75a6e37-2b34-4ff4-ae19-deecf55f1cd6,TFX,,300,False,
4c3cbc9a-538c-481e-8f38-7c945858ce3d,ATX,platinum,1500,Full,Black
f0de9664-2b12-4875-b15e-4114180934cc,ATX,platinum,1000,Full,Silver / Black
a18a921e-a099-4888-bc0f-9052df28482f,SFX,gold,850,Full,White
599b04d5-d40e-403c-9e75-1e2fdcedcf90,ATX,bronze,550,Semi,
7b13c4e5-c7e0-42c5-b8a7-c9e203dd42a9,ATX,gold,1650,Full,Black
756026a9-d97a-4a91-8ffa-475f806633a0,ATX,platinum,1000,Full,Black / Copper
de11ce02-000d-4aec-9cf9-c261ff1093a2,ATX,platinum,850,Full,Black
faa56ed4-18ae-4a9b-8b09-b9bbb63222e2,ATX,gold,1300,Full,Black
beb8d5dc-e0f4-422e-8957-6e4763aa778c,ATX,gold,850,Full,Black
6f2aa807-07b1-48c2-a407-a46783834303,ATX,titanium,1300,Full,Black
1f3af45f-7cfa-4ba7-a93f-e5ea08a1bdd9,ATX,bronze,550,False,Black
02172dbc-5552-4ed1-ada6-f26d663c07c8,ATX,gold,650,Full,Black
1f57f7a0-a3ea-4c4e-9925-d6fd658d4e19,ATX,titanium,1600,Full,Black
f42c8436-53d9-40f8-8249-e1ee7eaa855e,ATX,gold,750,Full,Black
3c9930ca-bae4-4a8a-b167-bd438def21e5,ATX,gold,400,False,Black
d4ed865c-824b-487e-85fb-ecb16977f43b,ATX,titanium,1600,Full,Black / Silver
18062264-fa65-4c8a-b0df-38400e9afb30,ATX,bronze,500,False,
e12eb118-6f66-46a9-a966-e4e2e2baec13,ATX,gold,1200,Full,Black
be70ec38-4085-4ed6-be42-c784f3068814,ATX,gold,1000,Full,Black
19d77bfc-a81b-4273-816d-61163aeaf558,ATX,gold,850,False,Black
f4c45f2e-b675-4f6c-a580-2a3e965e2ee8,ATX,titanium,1000,Full,
dc97ffaf-91c8-40a6-9560-7c3e871e637d,ATX,platinum,750,Full,
31deb51f-9c07-4533-8bf9-12e223f530ed,ATX,gold,1200,Full,Black / Silver
2b0f9650-d293-422f-aece-e911cebb2078,ATX,platinum,1000,Full,White
16493efa-1d6b-4d71-86e6-ed3658a57b05,ATX,gold,850,Semi,Black
fbcde27b-1cf1-43ae-9125-a0d646eed50d,ATX,gold,800,False,Black
fcbd6dbe-23d9-4faa-81c1-1cc648a822b0,ATX,gold,850,Full,Black
95c085aa-eed3-4c5c-be00-bdaacb4d0620,ATX,gold,750,Full,Black
2a0f7d88-db6e-4f99-95ba-e449fabe94cf,ATX,platinum,850,Full,
31c158fc-8fef-4f27-9a91-4a3bd8b191e3,ATX,gold,850,Full,Black
8ec9e733-c201-4bf6-a04e-6225dcf96101,SFX,platinum,1100,Full,Black
117a1fdb-383d-4337-8017-81249f48fa65,ATX,,480,False,
6761693c-0361-4390-883d-b07518c1f002,ATX,gold,650,Full,Black
b6916385-82d0-48da-9004-49fc34a2fbee,ATX,gold,750,Full,
5d0ea0b4-42d7-4730-8077-3eb2548e025e,ATX,gold,850,Full,Black
47745bd0-67c8-494a-915e-cd25291428f4,ATX,platinum,850,Full,Black
c95314be-e5a2-45ec-a095-f20338d16d89,ATX,titanium,850,Full,Black
c4be1be1-25c8-426c-aa6e-3033c2e2f6ee,ATX,platinum,1000,Full,
205025b1-6511-4ae3-acac-3d227fb26a17,ATX,gold,850,False,Black
724efe5c-e92e-4578-b2a1-9f269d918380,ATX,gold,1000,Full,Black / Silver
354bf46c-566b-4c9d-8276-fed32c6367fc,ATX,gold,650,Full,Black
3e007dce-604b-4a7e-bcdf-ad60dd21438b,ATX,gold,750,Full,White
dd03fb86-f25f-47de-84bf-65fb69208270,ATX,bronze,750,False,Black
efa20e00-ccef-41f7-ab13-9d015c155422,ATX,gold,850,Full,Black / Green
b81a652d-bdf1-457c-9075-ce42c36f28bb,ATX,gold,750,Full,Black / Red
fa4bfdaf-633e-4c8b-8d9d-920b00aa8aa1,ATX,gold,550,Full,Black
473423b8-b49a-4412-982b-ebf9d64a2a71,SFX,titanium,800,Full,
458771b8-d943-4358-9fe3-fb0eabce3b16,ATX,gold,750,Full,Black
d3ff6486-1bee-4103-8a9f-fc5434502148,ATX,platinum,1200,Full,
241ae9d9-1393-43c9-a6f8-140c0d6d23c8,ATX,gold,750,Full,Black
f191bacf-c831-4660-bba1-c6438b3254be,SFX,platinum,850,Full,Black / Silver
69519a3c-4f5a-451c-a1cd-41922afa846c,ATX,bronze,550,False,Black
23e020f8-dbef-40fc-87d1-ed3502b817f7,ATX,,750,False,
2ce03c45-32dd-43f7-b719-9b9bf797981c,SFX,gold,850,Full,Black
9df1be95-4e55-41c3-8704-fe2635e65c2c,ATX,gold,750,False,Black
ad4aef22-4866-4ec7-adcd-cd0d0a5189f8,ATX,bronze,750,Semi,
ab4c3e48-fe42-490f-b1e9-2698d1f2a8c9,ATX,gold,1050,Full,Black
c60e3cfc-b9fd-4895-8484-5fbf8c5ac09c,ATX,bronze,500,Semi,Black
0690f7ca-6cc0-4d5d-b031-6c7d1d69bc93,ATX,gold,750,Full,White / Black
3e87eb52-1e1f-40c2-97a3-48ac83932594,ATX,bronze,850,Semi,
e8095000-714b-46c8-ab6a-8377bd59c6de,ATX,bronze,750,False,Black
95a93fc2-288e-4b52-afd6-fcc0b6f4f36a,ATX,gold,650,Semi,Black / Blue
b9903169-5ba5-4027-8b54-28c155280ac6,ATX,,650,False,
241032a9-e2cd-4937-be8c-51043f7d30c1,ATX,gold,750,Full,Black
86f8c19f-46aa-4822-9390-5dabe9e3c2fe,ATX,bronze,650,False,Black
8866e2e9-1c29-4063-9644-d267071b5752,SFX,gold,750,Full,Black
71c42822-9aea-4267-b0f1-8fe90274c485,ATX,gold,1000,Full,Black
f94650a7-fa27-4ec3-b5c1-d6879113db11,ATX,bronze,1050,Semi,Black
9ba1b80d-d453-4de0-9bab-4825c3e1e612,ATX,gold,750,Semi,
ec261f9c-64f2-4d1a-ad6c-eb5c990ea211,ATX,gold,750,Full,Black
d7d667e2-da30-4d24-b200-ded846b1b1ff,SFX,gold,500,Full,
cdcf1485-0d3a-4565-8080-5c1d29efe849,ATX,bronze,650,False,Black
f42367c4-237c-436c-a57c-1c0ab0be90d1,ATX,bronze,500,Semi,
cce7e2ed-8321-45dd-854d-244af993d85e,ATX,titanium,1300,Full,Black / Silver
f4ace612-94de-4f54-a33d-1129ce6312fd,ATX,gold,650,Full,White
c5335a05-86a7-43eb-85c5-f0358d199d8e,ATX,gold,850,Full,Black
0c107ee7-12be-46d2-a402-5ee7dc943342,ATX,gold,650,Full,Black
c767a88e-b1a0-417a-8267-6f9de4efd32c,SFX,platinum,1000,Full,Black
4587a78c-0553-4a3f-93c7-880ffbab88fc,ATX,bronze,550,False,
437defd4-f982-4b7a-84fb-a8a586484432,ATX,gold,650,Semi,
99b5e420-527c-46f4-87ec-b6222b4d502f,ATX,gold,650,Full,
1c00bfc7-670d-4ac5-88bb-aa457dd30f99,ATX,platinum,1600,Full,Black
bdc62cce-e0c4-49a2-8729-25beeff9f241,ATX,bronze,450,Semi,
ddc3821b-4259-4061-aac2-801f590dd246,ATX,bronze,750,Full,White / Black
fae627cc-6f06-4cda-ba0d-3c4a583cb613,ATX,gold,1000,Full,Black
e7ebb8e7-6f58-44ce-9046-71a55714152b,ATX,bronze,750,Semi,Black
8d426a4d-d3e0-46cd-9a8a-b6d043308b91,ATX,platinum,1200,Full,Black
8dddc1d4-cab3-4bbc-b57c-bb7b0f0d6bb3,ATX,gold,750,Full,
a6066a31-3599-4c14-aee7-485c57f4bda7,ATX,platinum,850,Full,Black / Red
b2652d6b-7928-4846-83c1-be0b4d17c72e,ATX,bronze,650,Semi,
89f81a51-398b-47cf-af2f-6ca6f307ac51,ATX,platinum,1000,Full,White
35e87cf5-5924-419c-884d-bd02e21e31fb,ATX,gold,850,Full,Black
f9d39d7d-4d81-4e6f-851c-4e88a6741dee,ATX,gold,650,Full,
c2ffd2d1-f3b6-4fbd-a605-eb6b1a36d00a,ATX,platinum,1000,Full,Black
60d91765-4ab7-4836-ad3a-bfb5bce1fe0f,ATX,platinum,1200,Full,Black
8147fbcb-50be-431e-8aba-b2a8ec12551c,ATX,platinum,1000,Full,Black
bfa5a0d4-6c0f-4d5b-9f09-62fec11991eb,ATX,bronze,700,Semi,Black
dbd49402-5c77-426e-ae32-7339cb07c2f3,ATX,platinum,1000,Full,Black
3e86f140-76c7-4852-8bea-4131ae1b6f27,ATX,gold,550,Semi,
21218bd4-40dd-403a-a61a-ec6f02f00bc9,ATX,gold,1000,Full,Black
d7764c33-64be-43fb-9612-f7e6a7ba22ac,ATX,gold,600,Semi,Black
3715a311-1e17-4b32-8f69-9919005d42d3,ATX,gold,1000,Full,Black
022ffafa-70e1-446f-90a6-0a33246e267e,ATX,gold,650,Full,Black / Silver
dc1fc581-4981-4fd3-86f1-9365b69d9c5a,ATX,gold,850,Full,
fed5a77f-76e7-46a0-a595-ad3f14ff0dea,ATX,platinum,850,Full,Black / Silver
22131c12-dd40-48ea-bb3a-8a2fc5c30f9f,ATX,gold,750,Full,
ee36773e-5561-4c3e-aa8f-980a9afc1fb7,ATX,platinum,1200,Full,Black
87e6742a-d462-4a4b-9ed1-0db1d9b7c84e,ATX,gold,750,Semi,Black / Blue
1572f0ec-6065-4c30-8022-8fabe955297f,ATX,gold,1200,Full,Black
671b05eb-13bb-4406-87c1-3ce0dc7929cf,ATX,bronze,850,Full,
1f4588cc-220f-4444-abea-e4d11a2e94e2,ATX,bronze,650,Semi,
8472509e-c3a2-420d-9c20-7840d5e614f4,ATX,bronze,750,Semi,Black
9b72ac4d-03b0-47cb-b3f3-ab24578e673c,ATX,gold,1350,Full,Black
82b11e9e-d908-4d16-99b0-33cfcf217aee,ATX,gold,1000,Full,Black
e251c956-a81a-4423-8e14-7c5c27656596,ATX,gold,750,Full,Black / Green
bd0291c4-5acc-4ca0-8074-7c35b56a4ee1,ATX,gold,850,Full,
c700d03e-6c1d-4c58-8d3a-7abd69077a55,ATX,gold,750,Full,Black
8519eebb-d46c-4381-bbd5-6a3b3e8fd179,ATX,platinum,650,Full,
bef3df0d-bbda-45cc-a676-11423a20eb76,ATX,platinum,1000,Full,Black / Silver
2e497adb-5488-42d7-a030-edd8f563c900,ATX,gold,1000,Full,Black
6dd6fa00-7d79-4437-96cd-06299e54c626,ATX,platinum,750,Full,Black
9e5a748a-20c2-417a-aa2d-9d68f92e10a8,ATX,plus,500,False,
64f2be50-8007-400c-a24e-3daaa63786d5,ATX,gold,850,Full,Black
5ff655e2-834e-400c-9618-e1be0e1a7c20,ATX,titanium,750,Full,Black
29ea09ea-cfdf-495b-8af7-1e076ffbedcc,ATX,plus,600,False,Black
f237bdc3-def9-485b-b061-337c10e24141,ATX,bronze,550,Semi,
6660f195-1e67-4ccf-a439-0159d9ffde3e,ATX,gold,650,Full,Black
5ffd343f-05a8-43d6-9c05-06df3ddda7bd,ATX,bronze,450,False,
2e2c629b-80ab-4b3a-8f4a-5416ebc240ca,ATX,plus,400,False,Black
323e25f0-615d-4750-ba36-2530f15f0400,ATX,platinum,750,Full,
66270bc8-1451-4678-8d04-265443de5aab,ATX,gold,850,Full,Black
d69735f9-eb61-49ac-b1d4-fba7122c341e,ATX,platinum,850,Full,White
7f90e377-7c9a-46d9-b2df-fd8122310b36,SFX,gold,600,Full,
27cfac59-5cff-4dc0-b060-29403edd0b13,ATX,platinum,850,Full,Black
681ba2f0-6e3c-4968-84d4-22bdcae863d9,ATX,platinum,1000,Full,
5c9e85f3-51f7-4b78-a049-abaa257494a0,ATX,gold,750,Full,White
a694f4b7-954b-453a-adef-aa8418751f66,ATX,platinum,850,Full,Black / Silver
99658a52-d27c-4690-9002-24db1789ffe9,ATX,gold,750,Full,
1a0b241a-12a8-4e50-bdba-d715dbeee45a,ATX,gold,1000,False,Black
bfb89563-00d9-4412-b733-d924a745d7a6,SFX,platinum,750,Full,Black / Silver
aaa9789b-48da-49a5-b607-5c4761a12653,ATX,gold,750,Semi,
b1587034-9c95-4707-8b91-2c05b6f170f0,ATX,bronze,650,False,Black
53f82940-9f14-43bb-b67a-030e5cdc1eb7,ATX,,500,False,
679699bb-eb08-4159-81e3-b27b4c36dc8a,SFX,gold,500,Full,
a5ce0578-46f1-435a-95f6-cca06262d8ed,SFX,gold,600,Full,Black
06403766-fe88-46c0-b69c-0f5b25133b63,ATX,gold,1000,Full,Black
a3b7cc42-ea30-4a63-bcc9-ec4db1cd1f9d,ATX,gold,1000,Full,Black / Green
341abe9c-b3f7-405a-9069-67dad4405754,ATX,gold,850,Full,Black
560cf8ef-134a-4e45-8d95-c72b81ae9ce1,SFX,bronze,450,False,Black
8526560f-20f0-4766-b072-8455c2a06286,ATX,plus,550,False,
870b7661-7eb1-452c-bff7-32498b648690,ATX,gold,1200,Full,Black
70bde743-5100-4240-a0cf-7166caffa98c,ATX,bronze,600,Semi,
233af391-683b-48de-a4ff-d61d609d3fe4,ATX,gold,750,Full,Black
36692aa8-a8cd-48e8-9f41-6f420f52d44c,ATX,gold,750,Semi,
7bcddfaa-3bf8-419c-8151-8640bbb1e08c,ATX,gold,1600,Full,Black
82cf7380-4996-43b3-be55-d7243ff091e2,ATX,gold,850,Full,
5a0ecca4-e8b3-485b-bb28-6e6ecd35bc14,ATX,gold,750,Semi,Black
79f5e3ad-d872-42ad-a53b-ee32485681bb,ATX,gold,550,Full,White
1c201e00-751a-4530-bb6e-76ae8c175e44,ATX,gold,750,Full,Black
284df614-ac44-45a1-b422-cb42d08bf4e1,ATX,bronze,750,Semi,Black / White
8aced9dd-e86e-4ee7-8724-f2309a587546,ATX,gold,850,Full,Black
086b95e1-9867-438d-83e0-d1ee4396d688,ATX,platinum,1200,Full,Black
cb9f92d1-e50b-4733-922b-8f6b39cf582e,SFX,platinum,450,Full,Black
44847018-2f96-4b77-849b-2111d1507fde,ATX,gold,650,Full,Black
c8d33f29-6d97-4cc9-b037-c89b244228ec,ATX,bronze,650,Full,
c71eec96-8d10-4b60-be2e-0a64bb151316,ATX,gold,1000,Full,Black
e3625f64-75a7-4533-bf36-e8c03ae740ed,ATX,platinum,1200,Full,
79c3e175-9664-4ab0-b588-f30b6ea23962,ATX,gold,600,False,Black
e8e928d8-03f7-4e71-9e41-a98018bbd285,ATX,,530,Semi,
f8219bc9-fc4d-46f2-9293-79b05f281e3e,ATX,gold,750,Full,Black / Green
682c9e06-93b1-41b9-a9ba-63c8fdd927c4,ATX,platinum,1600,Full,
704366dd-5953-4abb-9d79-5e4fc1ab5825,ATX,gold,850,Full,Black
11f92ff1-99e4-4da7-ae6f-79ccc87daf8b,SFX,platinum,850,Full,Black
a75a7a35-f1e4-4f54-9c3b-2c6c1e488479,ATX,gold,850,Full,White
1879362f-071d-4e5a-803a-83ddf63ff4be,ATX,gold,1300,Full,Black
d309a1d6-ac1c-48f0-b60a-de8d5488e4c5,ATX,platinum,1000,Full,Black / Silver
e461f892-81bd-47f2-b0e8-550599f6a457,ATX,bronze,750,False,Black
6587e4ab-e3ea-441d-9ede-da1fb8d899b7,ATX,gold,750,Full,Black / Silver
b443261a-1798-4208-9391-a2cd9463276c,ATX,gold,650,Full,Black
0fcb84ff-b7fe-4d24-90f7-8446dc1a18d6,ATX,bronze,650,Full,Black
d8d96e6b-3a57-4a3a-a89a-1c635cdcd607,ATX,gold,550,Semi,Black / Blue
cede2ea0-ed83-4c24-b6a6-c5316e9853d5,ATX,platinum,850,Full,Black
d6605263-4f52-48e3-8b70-862584c568f0,ATX,gold,750,Full,Black / Gold
51af661d-3d69-41f2-9ba5-2a2f1b8a5349,ATX,bronze,600,Semi,Black
57a644de-ef21-45d5-ba89-cf9e6794f589,ATX,gold,550,Full,Black
bb305cdd-8ff5-41ad-9bd2-76cc6467a5f7,ATX,titanium,1550,Full,Black
f627ab80-a1c1-41d9-83e9-c11c4c14aca1,ATX,bronze,600,False,Black
fd3f3bcd-cc47-4a13-8b01-13326b26869a,ATX,platinum,1600,Full,Black / Silver
d1885b36-2064-499c-b697-da5aa317396b,ATX,platinum,550,Full,Black
1e30e03e-69b2-4430-bdad-7d0816e7968b,ATX,gold,750,Semi,Black
51cb3708-6e75-4d16-8363-3ffbc34d4ff2,ATX,bronze,400,Semi,Black
15011911-14a7-409c-9c44-4e041fe81c46,ATX,bronze,500,False,
75aba7ac-a38e-440a-bb73-d211bdfbd7a8,ATX,gold,1200,Full,Black
85f7dd7c-6c2d-4f7e-ac85-bd1a9d96091b,ATX,gold,650,Full,Black
a002b219-fe80-4c0f-a316-786f42e937db,ATX,gold,750,Full,
9662a2f5-4ca6-4c92-8776-3ed7e20927b2,SFX,gold,750,Full,Black
02268bf8-49e3-4c3a-b7f3-43ea4dba106e,ATX,titanium,750,Full,
e9940c29-2c1f-4303-97f7-df99bdcf79a6,Flex ATX,,600,False,Black
421dc8ac-6fca-4141-b9d2-614ce64257b1,ATX,bronze,750,False,Black
21269bd8-bf11-493e-a6af-cec8ea90af85,ATX,bronze,750,Semi,
6b43aa37-21e7-4a5c-b54a-b8d94816d589,ATX,gold,850,Full,White / Black
a48a651c-7653-4cba-ad8b-a3e9f5e95b6a,ATX,gold,750,Full,Black / White
829efbe1-1b3e-475f-9379-a1f2b3a53982,ATX,plus,650,False,
340afc5e-176d-44ae-9ae0-465306db2b06,ATX,platinum,1200,Full,White
09f52887-64aa-4661-8897-977057421183,ATX,platinum,650,Full,Black / Teal
a4462fb9-36f3-45b2-bc28-f256b17da402,SFX,platinum,850,Full,Black
853c8096-a680-469a-ad2c-a408aa17fe34,ATX,gold,700,False,Black
0dfe71d7-ef57-4cfb-b3b0-10b4a81c8299,ATX,gold,750,Full,Black
871934b2-4391-43aa-ab5c-a5f51a95acb7,ATX,gold,1000,Full,Black
f7d8c0ad-1158-4bbd-aea1-5df0aedb649d,ATX,bronze,750,False,
1c542b63-18a8-40c0-82c1-043b72583f13,ATX,bronze,750,False,Black
13d0959b-7de0-4646-a3a0-823c4658b2cb,ATX,gold,700,False,Black
8182932d-79b9-4163-849c-09c0a5afc5f8,ATX,gold,750,Full,Black
ba5349aa-e410-49c0-88ba-b1b86ad9f718,ATX,gold,750,Full,Black
075b4dcf-e45a-4306-b178-7dc96ad7be8c,ATX,bronze,450,False,Black
d4db8245-4bef-4a82-b1d8-e45eccba9287,ATX,gold,850,Semi,Black / Blue
433afd5b-ba7f-400c-9146-00def1414666,ATX,platinum,1000,Full,Black / Silver
0c7a4df0-6183-4540-ad85-015a0921e317,ATX,platinum,1050,Full,White
f40f5565-d88d-46ca-b1c4-9a9a4a8caea8,ATX,bronze,850,Full,Black
8eef9943-80e8-4bf6-a783-92f48bab04c4,ATX,titanium,850,Full,Black
12ac1794-fb08-4cc1-bac2-9ee0b1dd76bd,ATX,platinum,1300,Full,Black
4f2c8cbe-cfa2-4ed8-9731-f5b1cafa2530,ATX,gold,750,Full,Black
c2e9a82a-e374-4e29-8183-6251841e57eb,Flex ATX,gold,350,False,Black
898c5b01-ef14-4846-ac59-9c1b1c59a25c,ATX,gold,650,Full,Black
9afc3139-47bb-4eb5-88c7-f6ebecc661b4,ATX,titanium,1000,Full,Black / Silver
6d9b1539-cf49-4bf8-90b4-5a19175b09b3,SFX,bronze,300,False,Black
dc6d0498-f2a5-4f52-b107-3e2e1c24963e,ATX,gold,650,Semi,
1516fbe0-c48d-4b55-92b1-bf5768142be6,ATX,gold,850,Full,Black
367c06c6-e0f8-48f9-b533-3df44602e459,ATX,gold,550,Full,Black / Silver
aa54eaad-cd09-4cd0-a587-7197faa1eaaa,ATX,bronze,500,False,Black
f4786619-436c-4105-a3c8-6a5fc739a79c,ATX,gold,650,Semi,Black
ada41685-b47c-4fdb-a65e-efcb1f1b2307,ATX,bronze,750,Full,Black
956e7593-76fc-485b-8314-78fc3a85ec0c,ATX,platinum,1000,Full,Black / Silver
a835ba5a-e407-4b78-a901-6898b5c1075b,SFX,gold,650,Full,Black
9a8c823d-4596-4f64-9d80-7cf3af5a21d0,ATX,gold,850,Full,
00c70212-2d30-4e36-b625-7ab4398cc354,ATX,platinum,750,Full,Black
3fefd13e-e697-4819-84f0-56e56e00178d,ATX,gold,850,Full,Black
0d9cd35b-b916-41ac-8169-30b2e76280e1,ATX,gold,850,Full,Black
83b4083d-6126-4632-b603-1fe09ad72838,ATX,gold,850,Full,Black / Gold
8f116d01-775a-48c2-84ce-e94775e2ab53,TFX,bronze,300,False,Black
db8c3a60-e068-4887-8979-a99d851755ee,ATX,gold,850,Full,Black / Silver
4c69f0ed-6377-4da2-9f71-643a3f04e2a8,SFX,platinum,750,Full,Black
699aab3f-80e7-4093-982f-e0fdd0810930,ATX,platinum,760,Full,
81fe5990-7624-44a8-a561-abf05be54421,ATX,gold,1000,Full,White
e850c7f2-5a6f-40bd-9d72-2f69c91a0fc1,ATX,bronze,550,False,Black
8947e6c5-473a-4395-8f1f-a099ffb86ea2,ATX,platinum,1000,Full,White
a6a70824-ea3c-4237-83de-69078399b3ad,ATX,gold,850,Full,Black
a1ebac2a-9d37-46d1-a175-8d2893af8e6f,ATX,bronze,650,Full,Black
6c156201-19ce-425c-a427-a543c826ce9e,ATX,bronze,650,Full,White / Black
3ad8e08a-bd6b-4068-a27f-a718371b166d,ATX,bronze,500,Semi,
4dd4da37-dabe-47d0-8058-132e7feb010e,ATX,gold,1000,Full,Black
04ee174a-3ac5-4779-a2dd-bb9fc2c42472,ATX,platinum,1600,Full,Black / Silver
4723de7a-83ba-4a49-8067-a2db6241db40,ATX,gold,550,Full,
39748051-a299-4915-8087-7d971e4a004d,ATX,titanium,700,Full,Black
67327001-694c-42e1-88ef-9420c1d72072,SFX,gold,450,Full,
4bd99e08-ee83-4160-b46a-1ca7d6c7fa7f,ATX,platinum,650,Full,Black
e2703f71-217f-49a6-8438-d66f902068b5,ATX,platinum,850,Full,
d8577c63-f66a-470c-999e-3009e1b27934,ATX,bronze,1000,Full,
5474d612-da69-4598-81cc-bee742c54031,ATX,,480,False,
156bf8dd-3d7b-4d84-bab3-8b2cf35f5887,SFX,platinum,700,Full,
7e0b5644-b285-4467-ac40-7b734d10856d,ATX,platinum,650,Full,
3d0cc212-baa3-4c33-be8b-5543dd2cc9f5,ATX,plus,500,False,Black
338fc3c6-12fe-4940-b21e-16b3b594a69e,ATX,bronze,750,Full,Black
97684cc0-6642-4d27-813f-2fd9a1aa448f,ATX,platinum,1200,Full,Black
e71d4ace-f68e-4160-adac-3d65aa78e555,ATX,plus,600,False,Black
4716f508-37c2-4b13-9c16-b42011785848,SFX,gold,650,Full,Black
991264de-c9f8-45b7-a7c0-b138074193d8,SFX,platinum,700,Full,Black
b43020e6-6fe8-44ac-b2f5-b73291ee1719,ATX,gold,1000,Full,Black
216817e5-023f-42d3-9208-d3b890c3d1e3,ATX,gold,1000,Full,Black
7d7b3888-082d-4e2c-8671-017ff49040ed,SFX,gold,750,Full,Black / Gold
12b77319-c510-4d1e-8bac-8c07e56e0fbe,ATX,gold,650,Full,
329d8ba6-8939-42ea-a593-106f99233db5,ATX,platinum,1200,Full,Black
5f4df99a-fbc4-4169-9f86-7e93a917684f,ATX,titanium,850,Full,Black / Silver
0c041cfa-7bbe-477b-a813-b30dcfcd1436,ATX,gold,1000,Full,Black
04ce4742-3446-4472-ae2f-908a1c6bdaa5,ATX,gold,1000,Full,Black
7ea94d30-14bd-460b-a916-f40bb09d5def,ATX,bronze,550,Full,Black
f37529de-a7ba-4cf4-a993-b97ca9a0c771,ATX,bronze,600,False,
b6a93a72-0076-4ea2-83d9-446feba248e9,ATX,gold,700,Semi,Black
355caa36-2c0a-4dd7-9f16-f2df37b36004,SFX,gold,1000,Full,Black
1d958a75-819e-4675-8d3f-12564b5bbcc3,ATX,platinum,750,Full,Black
65472c3f-ab30-492f-83a9-6b5bb2e8f289,ATX,bronze,650,False,
2ea17dfb-0773-4168-b383-7710ead3c3bc,ATX,gold,1600,Full,
db79b4f3-5048-4868-8e8e-e601b830312f,ATX,,500,False,Black / Red
829abfb6-3f94-4bc0-bcd8-bc2bdc52c0f9,ATX,gold,750,Full,Black
9386ef04-8e99-4432-80ef-02fbebc7e7a9,ATX,gold,1000,Full,
802f8e29-abfb-4539-a282-461bc8da5002,ATX,gold,850,Full,Black
3df7bf7b-4070-4813-9bc2-1a7eb80afa71,ATX,gold,650,Semi,
0810776a-c802-42f2-ab72-57be55963e35,ATX,titanium,850,Full,Black
f2054e00-251d-4d00-85c7-8316abb00bbc,ATX,gold,1000,Full,
35a1cef5-9a8b-4c40-a659-13ddb8226fcb,ATX,gold,1000,Semi,
659db68b-de3c-4c3b-a479-abeadc9a2318,ATX,gold,850,Semi,
4f219e0c-b204-4e2e-9ad4-6f96b82cdf5a,ATX,gold,650,Full,Black
5cdb97d2-8702-45f9-9ad9-b1b51b35beba,ATX,gold,650,Full,
4f3fb770-cfad-4097-80cf-9f799939f879,ATX,bronze,450,False,
b1d64c3c-7647-4ca3-8d51-55c02355945c,ATX,,400,False,
99a6ccdf-6cc8-49ef-99f6-5e07314220b2,ATX,gold,750,Full,
5e65a3c8-2667-4f89-8e85-a46bb0266f4f,ATX,platinum,1300,Full,Black
3ea7364c-aceb-4c1d-af52-5c85483aa522,ATX,platinum,750,Full,
643c7b19-8ba1-4431-9d38-d444c38771d1,ATX,titanium,1000,Full,Black
93d8c25c-c187-486d-bedb-b601da4f31ba,ATX,platinum,850,Full,Black / Silver
550dd492-3e75-48e2-9553-e84c8abb01c6,ATX,platinum,750,Full,Black
91b567ba-bbd8-4abb-8209-942840abce57,ATX,gold,850,Full,Black
12a164fb-e62f-462b-978c-c292a427c320,ATX,titanium,1300,Full,Black / Blue
c697ceac-99b0-4178-ba99-65f2ac445552,ATX,gold,600,Semi,Black
e76a25ab-2095-47e1-9403-df43dcea4411,ATX,gold,1300,Full,Black
c1b42e9c-43d2-4ffa-bd7e-21a7e0005d10,Flex ATX,gold,400,False,
1ffc22f7-acf9-4e9a-947a-e90689975808,Flex ATX,gold,300,False,
42e0f32c-3ebc-42fe-8a64-021557b83b03,ATX,gold,750,False,Black
c30adf59-7c5d-43fe-bcdd-bbdd07f2538f,ATX,gold,650,Full,Black
3ade8e1d-2776-47eb-894c-08468ae03b8f,SFX,,300,False,
5c041903-8160-49ac-8696-4949c190697f,ATX,platinum,1500,Full,Black
be0cf3aa-51e9-4c9f-bebe-ad4cf97d0400,ATX,bronze,550,False,Black
6c2dd280-3c02-40e5-8968-7aec4baf387b,ATX,bronze,650,Semi,
b4484e80-4dfe-4256-ba95-90b58c350834,ATX,gold,750,Full,White / Black
42edaf19-b90f-41d7-91e5-3898bc366c63,ATX,gold,750,Full,Black
2963bd3b-470c-48f2-917c-4ad100c25bcb,ATX,gold,1000,Full,Black
f84f1ca2-2e11-4e08-83fc-05963d46efa8,ATX,platinum,1200,Full,Black
9f6755c2-d9e9-4e23-8b4a-2d59ce5b3167,ATX,gold,600,False,Black
25c1c090-de64-471e-a8f3-5603f42950c6,ATX,platinum,750,Full,Black / Teal
79911e09-0924-4260-94eb-e68484dc7eb3,ATX,gold,500,Semi,Black
bc508a72-937a-4404-be36-6dc7c38923ec,ATX,gold,850,Full,Black
07829b28-c5da-49f2-9dfd-aa3c3d0d7847,ATX,gold,550,Full,
6c362eab-beba-4692-8d00-67066adfcc66,ATX,gold,550,False,Black / Yellow
6460f3b5-b469-47d9-8af1-80bb243eacd2,ATX,gold,850,Full,Black / Green
6f908793-2546-44e3-9165-e06f0496dc46,ATX,gold,750,Semi,
e28b0c2f-965c-4a52-9894-ba313bb0c515,ATX,platinum,850,Full,
cf372daf-442a-4444-9a8f-43df93ba845f,ATX,gold,1000,Full,
6d3bb0a1-12e9-4353-9159-e8551633f3c9,ATX,plus,650,False,
1dd8c2df-d3a7-4cce-895c-8f34585985fc,ATX,platinum,1000,Full,Black
b5c73b95-4423-48dd-a086-a5644d3fe51c,ATX,platinum,500,Full,Black
eec9786d-9e6b-494c-b561-028e43e62125,ATX,gold,850,Full,Black
7856845b-9f0b-468e-a5f4-c18b588072c5,ATX,gold,750,Full,Black
e436c8f5-8d33-4220-ae56-b21db15a2110,ATX,gold,1200,Full,Black
e76bbc33-24cc-4b2e-9df9-7493b781c181,ATX,bronze,750,Full,
78fea4c6-9742-4717-b948-ef88064c39d8,ATX,gold,550,Full,
145b68c3-fed1-49f8-ab15-b2e9220fc424,ATX,gold,550,Full,
c794a779-d92e-4b76-ab09-b7d085c859a0,ATX,gold,1300,Full,Black
d9136bd5-1afd-44ad-ae68-0fc6e75946d9,ATX,platinum,1000,Full,Black
4b7d4972-6499-44e9-b200-d9099935334c,ATX,bronze,450,Semi,Black
4d439986-e5c8-406e-ae0f-1619445a2468,ATX,platinum,850,Full,Black
553f9fa6-6884-4826-a591-5d7490d73cc6,ATX,platinum,750,Full,Black / Silver
1af39de4-9963-454a-a55a-0e6a1fcb10e1,ATX,gold,850,Full,Black
8ddfdd85-bb2e-4db7-84e9-5d6a45379600,ATX,platinum,760,Full,Black
c928599f-79db-4967-afe9-6c2f736263b3,ATX,gold,650,Full,Black
d25985e1-3026-4c8c-91a1-eff58beec6c3,ATX,platinum,1300,Full,Black / Silver
ab932c6c-bcfd-40b0-9eee-3ee284846750,ATX,bronze,700,False,Black
aa08724e-1bc6-4690-80e0-69bd131ff355,ATX,gold,1200,Full,Black
eb9d551a-9386-4064-aeff-11cfe835a059,ATX,gold,550,Semi,Black
68f3dda4-4e6a-4389-b669-cfc33231783c,ATX,,600,False,Black / Red
3f3c57a7-3fb4-4982-92ad-704ee075bb8e,TFX,,200,False,
89c15ac2-e12e-4968-89c1-dda595d9be61,ATX,gold,500,False,Black
c6d9ad2c-2876-46b2-9779-6405b4cd620d,ATX,gold,750,Full,Black
fa44f71a-bf59-48d2-92fa-cda489989e44,ATX,titanium,750,Full,Black
47975013-f03d-469e-bda5-9f8c058d4c6d,ATX,gold,750,Full,Black
4b2b2e78-1501-4051-8da1-31b94fe7f37e,ATX,plus,500,False,
0dc1c3d1-01b2-4371-868f-043d3f673d29,ATX,bronze,550,False,Black
4656c66d-c247-4fa6-a2fb-dbb9de949275,ATX,gold,650,Full,
3edf19aa-e0e0-4aab-9f1f-2b815cffeb29,ATX,platinum,1200,Full,Black / Silver
f0e5d3d6-1028-4a95-9004-ef72c4dc98cf,ATX,plus,1000,Semi,
36868c6f-bb84-4deb-86e4-767eb058dc10,ATX,gold,850,Full,Black
0735b462-28b2-4f23-8b23-059ec6602031,SFX,gold,850,Full,Black / Gold
ea230df9-5b2e-4393-811f-7923b4cad5ee,TFX,gold,700,False,Black
deee88b3-6dd1-416e-865e-7640b1d49860,SFX,bronze,450,False,Black
9c347d3d-3b05-4b1a-bcc1-910854a3bfbd,ATX,bronze,500,False,Black / Gold
41a4408c-143a-4751-b6be-9746c8376175,ATX,bronze,700,Semi,Black
1ff5b88c-8f28-4617-a99f-ab516362e136,Mini ITX,bronze,300,False,
66f67dc9-ee52-4992-85f6-8d55229171d1,ATX,platinum,650,Full,Black / Silver
fb177f74-eba1-40da-8666-413d83809179,ATX,gold,650,Semi,Black
e4510723-0543-4cf1-9e43-8e8eab9d9763,ATX,gold,850,Full,White
9e5fd77b-f9e6-4251-a366-0c99ad6ea8d4,ATX,bronze,1000,False,
5cbb4a64-9f17-47ea-9f57-3f0f1b71612b,ATX,gold,1000,Full,Black
712a4bec-c6c6-4419-8e1e-a8b009dca52a,TFX,gold,500,False,Black
04674b57-dfd6-44cd-afdc-93ecf534d493,ATX,gold,750,False,Black / Yellow
c8fe51e5-a29c-45b5-bab3-b2de0154b15b,ATX,platinum,650,Full,Black
a3a7a439-1bce-48ca-be83-eb40cb439941,ATX,platinum,850,Full,Black
e65e6ec1-56e8-40cb-b5ab-71dd5d556981,SFX,gold,500,Full,
1bf1bd59-69e2-4539-81cd-25d371edb484,ATX,plus,750,False,Black
3f6b2749-d52b-4b28-bdb1-c91d225fe0a5,ATX,bronze,520,False,
c70f2508-9cb2-468c-99b7-1bd2bd5c5912,ATX,gold,1000,Full,Black
239d97cb-0a2b-4845-8240-a02c629f0b89,ATX,gold,750,Full,Black
7aeb35aa-4eb6-452b-be34-8594c5761fd9,ATX,gold,650,Full,White
52325745-cbce-44d4-bffc-ee0912a913d6,SFX,gold,500,Full,Black
fc908441-afdf-42bd-84d5-627308bc4296,ATX,bronze,700,Full,
0c528ed6-42cb-46e5-9fcd-fa2f14ae5310,SFX,gold,850,Full,Black
6c71bd35-7837-49a2-a40b-a4d6391d79b7,ATX,bronze,550,False,Black
4826e343-a819-48a6-9cfd-04ecf041855a,ATX,gold,1200,Full,Black
33edee26-c393-462b-8c47-9347ec5c62ef,ATX,bronze,430,Semi,
e567cf36-bb89-4dab-8fa1-6213cd39cce0,SFX,gold,700,Full,Black
7cf66b4d-8440-4937-9d93-0ce62093b334,ATX,titanium,850,Full,
fd9e545e-9a69-4535-a1c6-2783fc19d4d0,ATX,plus,600,False,Black
57450c49-91ef-4103-8dfd-7fce99e83e00,ATX,gold,650,False,Black
cbef20a1-3f8c-4210-861c-ad832a04ecac,SFX,gold,650,Full,
b8a4a0c7-f08e-4ce9-8dfc-717c801bd4d8,SFX,gold,750,Full,Black
a42d2d70-3f8b-4015-8ee1-a2aa90065031,ATX,platinum,650,Full,Black
87de9d27-1e55-4aaa-a944-ad6a4e8183ab,ATX,gold,850,Full,
11d5b505-a8ad-4570-826b-f56b4037deb4,ATX,plus,700,False,Black
3460e18a-10d7-424a-8433-661f0ea1d2f9,ATX,gold,850,Full,Black
b94ac054-f3a0-4acc-bf4a-33c9a8c9b967,ATX,platinum,650,Semi,
286e686d-ada0-4fd6-bc12-627799849adc,ATX,gold,500,False,Black
adeff616-1d62-49ba-8197-a53191b20eaa,ATX,platinum,450,Full,Black
ca74a140-f54b-407f-9e21-3a9bd21685f4,ATX,gold,850,Full,Black
ce9e2e67-d28f-4d35-a623-0786874be67c,ATX,gold,750,Semi,Black
05957d60-6c19-4ed6-93a9-2fa015ee6ef1,ATX,gold,1050,Full,Black / Red
d4f956c9-7482-4dd6-88f2-7ef02cc51df7,ATX,titanium,1100,Full,Black / Blue
37ed9a34-357b-48e8-be62-9f677e56d119,ATX,,400,False,Black / Red
ec383def-3715-48f4-9c28-1501bd62a163,ATX,,600,False,
6b19fe16-c54a-4bf7-9558-09553727a02b,ATX,gold,1000,Full,Black
85f1fdcb-a739-4874-ad65-e622892b205e,ATX,,630,Semi,
863996f0-c59b-4b5b-8175-9da8cb74fa3a,ATX,gold,1000,Full,White
ae875744-0e6c-4134-a0d9-f1ee07a27aa6,ATX,,550,False,
180c2a8c-1c4b-4e4f-8f47-13d6ee15edca,ATX,platinum,1000,Full,Black
fa4f5d7f-e1b6-4786-9003-3226850a3076,ATX,platinum,750,Full,Black / Silver
eaa34e66-26d6-4570-9cdc-747fff4526de,ATX,plus,850,False,
1cc011a5-234a-4c21-ac58-1f76509bce4c,ATX,gold,650,False,Black
8849fc34-e26a-41dc-8bb9-2c54de5ab094,ATX,platinum,1000,Full,Blue / Black
6a76d9df-442a-43c2-a253-1faed10c6ae1,ATX,gold,650,Full,Black
9bf35a68-1b88-407f-88cf-b6e7270e1ffd,ATX,gold,650,Full,Black
7f2a7769-d08a-4b80-a15f-0c36c52b2177,ATX,platinum,850,Full,Black / Silver
d3adfeb2-4e19-4c6a-8cf3-e1f6e289c85b,ATX,gold,750,Full,Black
f7b0770f-4d63-4442-b239-dc3d6b41f992,ATX,gold,750,Full,Black
b0a844ac-f533-4e7f-aca1-fe541401628a,ATX,,500,False,
d0ed7f8f-99df-4b35-9666-d4ece9b3a578,ATX,platinum,1300,Full,Black
5b753e77-fe2a-4728-91fe-9907df523d7c,ATX,gold,850,Full,Black
ddce0305-f642-48c0-97b7-05d7b2c5ad6f,ATX,platinum,650,Full,
484332c8-a19d-4bd0-a154-77e5f9075bad,ATX,gold,850,Full,Black
b803f394-5d50-4ca7-95fd-9a79bf7b2894,ATX,platinum,750,Full,Black
c16818d2-f54d-49f6-b39a-688878232ecc,ATX,bronze,850,Semi,
22ef89a2-a0f9-4fbf-88d4-3f9767f05d61,ATX,gold,650,Full,Black / Blue
9833c55e-8088-4785-bded-a1e0a8cb0daf,ATX,platinum,1000,Full,Black
21701ae3-7ac5-422b-9f63-29da6de6304c,ATX,,550,False,
e7211808-d42e-4e34-bfb0-89b977c8bc41,ATX,gold,550,False,Black / Red
7e872b4a-257d-4c37-8e2c-5a6df538f543,SFX,,250,False,
ce1371f3-8b90-4943-915f-89529f1a9988,ATX,platinum,750,Full,
83ad4a2d-f0bd-4f0a-80a7-ccab09be820a,ATX,bronze,700,False,
dab23e42-d227-4a3f-b0b6-830a78db0b88,ATX,gold,550,Full,
631b3f7f-8ab5-4d46-b2e8-0371df5dc0a4,ATX,gold,850,Full,
4a396a0e-bd57-4d81-9c17-2f5854dfbfd9,ATX,platinum,750,Full,Black
9092c3c1-ab23-4438-85b8-3dcd4e573904,ATX,gold,850,Full,Black
90a44b46-9565-4443-93d2-b1ab2962db67,ATX,platinum,1200,Full,Black
3c8b968a-414c-492b-91ee-48e23c7fc31a,ATX,platinum,850,Full,Black
07eda129-a1a2-485d-ba3f-2be05f0d6a92,ATX,bronze,750,False,
5d0244dd-1c7a-4da2-8f4f-4ecaa6a1b1d5,ATX,platinum,1000,Full,Black
2c05e754-7a2f-48fa-8cb3-2aa5204580c0,ATX,bronze,550,Semi,
279ef93d-5b09-4591-9ae8-a0904b41dba1,ATX,,300,False,
5d84223c-ae53-4998-8836-cbfbc9357439,ATX,bronze,650,Semi,Black
a1811ac1-8a7a-4c1a-80f0-74730057533f,ATX,platinum,850,Full,
663bbba1-409e-42a6-b117-0e55df4dba1c,ATX,gold,1300,Full,Black
3e9e5776-2966-4c66-b469-a72750283adb,ATX,gold,550,Full,Black
4820512e-a2d4-406b-bacf-31372f18192c,ATX,platinum,1600,Full,Black
eb17ebba-6f25-4007-95ba-b1cb35aa1d02,ATX,platinum,550,Semi,
6d428a28-2308-4300-82aa-48887f9a13f8,ATX,bronze,750,Semi,
4748b4bf-dabc-41d5-a48b-5c29a50343cc,ATX,gold,550,Full,
c9e0f37f-d303-40fe-ba50-872d360f23c6,TFX,bronze,300,False,
d9e8a2bf-bbe7-46fb-8747-073dd1ecf389,ATX,platinum,1050,Full,Black
266c5b08-f6dc-4ae9-a759-8649811c513d,ATX,gold,1050,Full,Black
8199bfae-178a-4450-b21c-89ba67fb7a58,ATX,platinum,1350,Full,Black
557a750d-7464-4d88-9193-b4f049458895,ATX,gold,450,Full,
af37e4a6-ae08-4905-b6f7-beabc4ce859b,ATX,gold,750,Full,Black
a681dffb-a905-4044-bb49-48e3386b4756,ATX,gold,1250,Full,Black / Red
51f78bcf-2cc9-45f6-b793-b1fd727d32ad,ATX,bronze,700,Semi,
b56340da-75b1-4373-b7d3-24f267050eaa,ATX,platinum,550,Full,
9047debe-1e11-4957-bc21-fe7d52dd4817,ATX,gold,750,Semi,
2a34ca85-9e4b-4b25-a5d0-5be8d3ac5683,ATX,plus,530,False,Black
0d605126-a704-400f-b6ea-caf235f1edc4,ATX,gold,550,Semi,Black
f4469512-e8ed-4f96-8639-602d79453c4a,ATX,bronze,650,False,Black
68f060b8-4209-46da-bd49-97cf7d3e73de,TFX,,275,False,
15acff9c-25e3-4e3b-802b-72fe7423b33f,ATX,plus,800,False,
78803cf7-4a4a-4b11-82de-06ef1b038014,ATX,bronze,600,Semi,Black / Red
76976edc-44a7-4070-b2d0-5ea6c07d359d,ATX,,530,Semi,Black
be5a559e-8fdf-49b8-b43e-ce10f1019976,ATX,gold,850,Full,Black
c821c16e-1980-4cde-be92-605e1be9d651,ATX,platinum,850,Full,Black
636ea15a-10a9-40c6-b3b3-f8a55469b261,ATX,gold,1000,Full,Black
2b882602-67d7-464f-88a5-975f83129f7e,ATX,titanium,700,Full,Silver
714a627b-7824-4d70-b7cf-5124c1fdf6fb,ATX,gold,650,Full,
ed92f192-5d43-4ae5-bc3f-dd56c3468d32,ATX,plus,550,False,
c65b4438-e7f0-4b8a-8dbd-377c077f666c,ATX,silver,560,False,Black
e93d90ba-2b44-4b34-92a6-5c94b9df77b0,ATX,plus,630,False,
aa6d1c30-90e5-414c-881d-980913665d1a,ATX,gold,650,Full,Black
8328a21f-4a27-41f9-8e6b-b873f3c9cd18,ATX,platinum,1000,Full,Black / Silver
a970a1f4-77ca-4faa-b48b-1408e65ada5e,ATX,platinum,1050,Full,
d0acc92c-176c-4303-827a-a4189d51ab8d,ATX,gold,750,Semi,Black / Blue
6385636a-c4dc-4ba3-b4e8-2a7a3512ea6d,TFX,bronze,300,False,Black
4b3eb85d-e796-4a10-afd8-51c5ce5b1d0d,ATX,bronze,650,Semi,
29a5a539-317d-441a-beb3-b22917e11b0f,ATX,bronze,750,Semi,Black
daf9e2e8-3915-4f48-9ad6-8cc8c93410a1,ATX,platinum,1050,Full,Black
b14c0682-8568-44b7-9970-2256aed91fcf,ATX,bronze,850,False,
eca44621-50c6-4cfa-a7a8-fc4b7ab11d82,ATX,plus,500,False,
3c753878-61ef-4860-a719-03fb6c0c189f,ATX,gold,750,Full,Black
9e6a7cea-f773-4c15-bf3e-6cb7180ba4b2,ATX,,350,False,
163f2750-f8b4-4a86-a91b-c01fdc419374,ATX,plus,550,Semi,
25d98b3a-83cb-497e-a711-805afd5dc170,ATX,platinum,850,Full,Black / Blue
a050c383-ad75-45a0-bea7-b51da9e8d6ae,ATX,platinum,1200,Full,
e7cc485c-79b3-4399-b1c2-3b8f1436326c,ATX,bronze,300,False,
2f78adc8-b65f-41c9-849f-ae3903a5d079,ATX,,500,False,Black
4f4f95f3-3b40-441c-8840-b7e5cd9de984,ATX,gold,750,Full,Black / Silver
e10c9ed3-85a6-45ee-993e-7ae4433286d1,ATX,bronze,750,Semi,
b3fac8b4-3b6e-4818-a32c-928b4b7f7316,ATX,gold,1250,Full,Black
cefa1418-cc59-4de3-9162-cee42eb54254,ATX,bronze,1000,Semi,
dc08391e-7bf6-49e6-8bb1-b1135d531942,ATX,plus,600,False,
8446b6eb-4776-4656-b312-25e9e3d6e0ce,SFX,bronze,450,False,Black
5876682c-51b7-4075-a142-e08997742cc0,ATX,titanium,1050,Full,
93e32ee1-5134-4382-8354-71e87858d3b4,ATX,gold,550,False,
ef8b093e-9a74-4ae3-826b-8b53e447d891,ATX,silver,1500,False,
ea147b74-70ce-4a8a-a3b7-463c53b24c9a,ATX,plus,600,False,Black
ccd3f1a5-745a-4149-a824-615d1a5098b4,ATX,plus,400,False,
a71f05b9-fe3d-4271-b0c1-c50460231f1b,SFX,bronze,600,False,
a14d5f69-f696-46f4-bc70-bff4443a2b2c,ATX,gold,1000,Full,Black / Gold
cea88aab-6ca3-4d05-90a0-c7efb05e4286,ATX,gold,1350,Full,Black / Gold
1bcc42a0-5a39-4f60-ad5c-77ee0474a800,ATX,gold,600,False,
e9e2419d-ec82-45cd-92f0-e4e091db0944,ATX,gold,550,Full,
fcc249ce-da99-4512-810e-643922738983,ATX,gold,650,Full,Black
22b9becf-99b8-49b0-a064-8890541ea094,ATX,platinum,1000,Full,Black / Blue
7a20af00-c9d4-48b4-9492-790f166c4914,ATX,gold,1050,Full,Black
63881077-b8a6-4639-bd5f-4887c019894f,ATX,plus,700,False,
a65ad251-caec-42e3-b049-e414fea5b37b,ATX,bronze,750,Semi,Orange / Black
e8e5ac7b-2cc0-475f-b6a6-c40947e841a6,TFX,bronze,300,False,Silver
38a2b8c6-29b5-4d79-899b-9be42c75c627,Flex ATX,platinum,500,False,
d38664af-aac8-483d-b76a-518ae6084c3b,ATX,gold,850,Full,Black
5e539d36-36d4-4559-b3b3-1523ab9d8299,ATX,gold,850,Full,
7f543312-b2b8-4da6-9969-f014fe4e288b,ATX,gold,650,Full,
cf307d56-f03a-4ded-8ce5-67c2375a7bc3,ATX,plus,530,False,
681ca3ed-e0a1-4c83-9c29-f20fdd3055f5,ATX,gold,1300,Full,
a6789691-8f3d-46b3-a3d5-3cf5e341f1ea,ATX,platinum,750,Semi,Black
215d6fd9-4c84-4349-9c71-44534e62b2c2,ATX,gold,1300,Full,Black
53179bef-2ef0-4432-867f-43057d428e06,ATX,gold,1200,Full,Black
7bd19186-0236-4488-bb1d-4be406502e5a,ATX,bronze,850,Full,Black
ded17c8d-6e4b-4abc-8c9b-75e76bfd4a07,Flex ATX,bronze,400,False,
a84be190-b3b5-4868-ab65-29b1e6bea47d,ATX,gold,750,Full,
c3b0d370-01e5-424d-8dc9-16de701c95c8,ATX,platinum,850,Full,Black
32edee13-1d27-42d8-bb4f-d03da7159517,SFX,,350,False,
17f0fbb1-9258-43a2-9a92-fb7cf31c57a9,ATX,,550,False,
0e500e5f-f2d9-4b01-b31d-b3b380d3ef34,ATX,,500,False,
216d790a-5017-456a-87cb-9ad5793dabff,ATX,silver,850,False,
0b9a5d2e-115d-4cfb-81ae-f684679f7289,ATX,gold,650,Full,Black
e7376717-ba26-434e-8c20-9f977848cd7d,ATX,bronze,500,False,
327c4ec5-c4be-4a78-bff1-a39ca971f8e7,ATX,gold,650,Semi,
0b9a7949-72f9-45a3-860b-964e58b5d13f,ATX,bronze,850,False,
e49ea7c0-0e3f-483c-88e1-db0cb4b5f12c,ATX,bronze,850,Full,
f35cc54d-b7e9-4776-baae-9468a704b654,Flex ATX,silver,500,False,
c74476f5-5601-43fe-aa92-6a5338ba0b8c,Flex ATX,bronze,300,False,
2d36575c-7001-4aba-9095-88ccd26937ff,ATX,bronze,750,Semi,Black
004453c6-bc6c-487d-8ff5-073756a8d8b2,ATX,,1050,False,
cee9f4c6-0d81-476a-8986-df1a580d81d7,ATX,bronze,750,False,
5d7ae59d-be45-4acd-81eb-d1ee413d3600,TFX,plus,300,False,
0c78cc23-a4b4-4493-857f-f52db7afceeb,ATX,bronze,400,False,
510fed5f-3303-47fe-bcb7-712255df2b87,ATX,gold,650,Full,
5cfd459d-33c6-428c-a9b4-974ade25c7ad,ATX,,300,False,
27c16608-4938-4b01-b209-8770eafcb3b8,ATX,,500,False,
0ddef327-167c-4ed0-be5f-7cb3e53373b4,ATX,plus,430,False,
c1793bda-5926-426d-b29d-1d1f9e3845b2,ATX,bronze,600,False,
f3a8e379-3101-4cee-91f0-c132613f74ba,ATX,bronze,400,False,
372baec7-061f-432a-8ae1-26591ca65e05,ATX,bronze,750,False,
df849d20-fb0b-4750-b2c1-775ac0d133ac,ATX,bronze,600,False,Gray
9253415b-88d8-4fab-8a3e-5cd6a10e447b,ATX,,350,False,
80511896-a285-48b4-b61e-7b462c528c54,ATX,,400,False,
a70bcced-340c-4b4e-bc7e-05ed40b3badf,ATX,,500,False,
